Artikel Nummer,Omschrijving,Stock,Ligging,Datum,Groep,Set,Bijlage,Opmerkingen
6511_165099 AIRBAG OFF,Airbag off mat,"1,00",SGA 10,,,,,
A0005810000,Wieldop,"1,00",SG 51,11/03/2024,,,,
A6209900370,T-STUK,"1,00",ZOEKEN,11/03/2024,,,,CONTROLEREN    SG42
A654589034000,Perstool,"1,00",KAST 50 LADE 4,22/09/2023,,,,
ADBLUE UITZUIG,Adblue uitzuig apparaat,"1,00",SGB 23,,,,,
B66408109,CLE DE REMLACEM.MASTESET,"1,00",SGA 52,,,,,
B66475331,JEU DE CLES MASTER,"1,00",SGA 52,,,,,
GLOEIBOUGIE UITBOORSET,GLOEIBOUGIE UITBOORSET,"1,00",SGB 23,,,,,
HANDREMPISTON DUWER,Handrempiston terug duwer Laser 3835,"1,00",SGB 23,,,,,
HSD0000000123,ADAPTER,"1,00",SGA 24,,,,,
KOMPRESSIEMETER D/B,6236031101 diesel en benzine,"1,00",SGB 24,,,,,
KOMPRESSIETESTER OUDE,kompressietester oude diesels,"1,00",SGB 24,,,,,
P403288024,,,LIGGING,13/03/2024,,,,CONTROLEREN
PRISE-AS,PRISE-AS,"1,00",KAST 120 LADE 1,8/04/2024,,,,
Remleiding plooier ATM-1009,Licota remleidingen plooier,"1,00",Boven B63,29/03/2022,,,,GEEN FOTO VAN
RIEMSPANNINGSMETER,Riem spanning meter,"1,00",SGA 20,,,,,
SPANBAND,SPANBAND,2,KAST 80 LADE 2,13/03/2024,,,,CONTROLEREN VOOR NUMMER
TEXA SPOELSET AIRCO,TEXA SPOELSET AIRCO,"1,00",KAST 70 SCHAP 1,3/02/2026,,,,
VERSTUIVER UITBOOR SET,verstuiver uitboor set 6038400,"1,00",SGB 24,,,,,
W000586006300,XENTRY KEYSTATION,"1,00",Receptie,,,,,
W000588006200,LASTREGELEAAR HV,"1,0",BOVEN D23,16/09/2025,,,000588006200.png,
W000588009900,GEREEDSCHAPSET,"1,00",KAST 50 LADE 2,22/09/2023,,,,geen foto
W000588071900,MEETINSTRUMENT,"1,00",KAST 20 LADE 4,1/03/2024,,,,geen foto
W000588081900,TESTBOX,"1,00",KAST 60 SCHAP 3,22/09/2023,,,,geen foto
W000588091900,Ultrasoonsensor,"1,00",SGB 42,,,,000588091900.png,
W000588119924,ADAPTERKABEL MCON 0.5 adapter line,"1,00",KAST 110 LADE 1,16/09/2025,,,000588119924.png,
W000588119925,"ADAPTERPENNEN MCON 1,2","1,00",KAST 110 LADE 2,18/07/2025,,,000588119925.png,
W000588119926,ADAPTERKABEL,"1,00",KAST 110 LADE 1,16/09/2025,,,000588119926.png,
W000588136200,Major assembly mount,"1,00",BOVEN C43,6/05/2025,,,000588136200.png,
W000588146200,ADAPTER,"1,00",BOVEN C35,6/05/2025,,,000588146200.png,
W000588163100,ADAPTER,"1,00",BOVEN C43,6/05/2025,,,000588163100.png,
W000588186300,ADAPTER,"1,00",KAST 110 LADE 2,17/02/2025,,,000588186300 (1).png,In combination with W 000 588 08 19 00 Test box. KAST 60 SCHAP 3
W000588193100,Load-carrying device,"1,00",BOVEN,6/05/2025,,,000588193100.png,"In combination with W   000   588   20   31   00 sling gear and portal crane or fork lift. In combination with W   000   588   25   31   00 Crane vehicle (provided that no fork lift, portal crane or similar is available)"
W000588203100,OGEN,"1,00",BOVEN C42,6/05/2025,,,000588203100.png,
W000588212400,DRUKTESTER,1,Boven B35,6/06/2023,,,,
W000589002100,TESTBOX,"1,00",KAST 60 SCHAP 2,20/09/2024,"00, 01, 07, 08, 54, 91",B,000589002100.png,
W000589003200,PLATEN,"0,00",Magazijn naast j bureau,,,,000589003200.png,
W000589012100,KALIBRATIE-INRICHTING,"1,00",BOVEN C33,6/05/2025,,,000589012100.png,
W000589016800,Reinigingshouder,"2,00",KAST 10 LADE 1,19/10/2023,,,,Samen met W 000 589 01 68 00
W000589016801,Reinigingsdoek,"1,00",KAST 10 LADE 1,19/10/2023,,,,Samen met W 000 589 01 68 00
W000589022100,KALIBRATIE-INRICHTING,1,BOVEN C11,6/05/2025,,,000589022100.png,
W000589031000,SCHROEVENDRAAIERDOP,"1,00",KAST 30 LADE 2 BAK 11,22/09/2023,,,000589031000.png,
W000589032200,CONTROLEKAART,"0,00",Johnny Bureau,,,,000589032200.png,
W000589041000,SCHROEVENDRAAIERDOP,"1,00",WERKPLAATS,,,,000589041000.png,
W000589042200,CONTROLEKAART,"1,00",Johnny Bureau,,,,000589042200.png,Replacement for W000 589 02 22 00 test card
W000589059100,ADAPTER,"1,00",KAST 50 LADE 2,22/09/2023,,,000589059100.png,
W000589086300,2D-HANDSCANNER,"1,00",KAST 60 SCHAP 1,12/04/2024,,,000589086300.png,
W000589106800,CILINDERBORSTEL,"1,00",KAST 60 SCHAP 2,12/04/2024,,,000589106800.png,
W000589120900,STEEKSLEUTELDOP,"1,00",KAST 10 LADE 3 BAK 5,22/09/2023,,,,geen foto
W000589139900,REPARATIESET CONTACTEN,"1,00",KAST 60 SCHAP 3,20/09/2024,,,,
W000589139910,MCP 2.8 ELA,"1,00",KOFFER W000589139900,20/09/2024,,,,
W000589139930,KLING,"2,00",KOFFER W000589139900,20/09/2024,,,000589139930.png,
W000589210100,STEEKSLEUTEL,"1,00",KAST 30 LADE 2 BAK 11,22/09/2023,,,000589210100.png,
W000589220100,STEEKSLEUTEL,"1,00",KAST 30 LADE 2 BAK 11,22/09/2023,,,,geen foto
W000589250100,STEEKSLEUTEL,"1,00",KAST 30 LADE 2 BAK 11,22/09/2023,,,,geen foto
W000589273300,BINNENTREKKER,"1,00",KAST 10 LADE 3 BAK 7,22/09/2023,,,000589273300.png,
W000589283300,BINNENTREKKER,"1,00",KAST 10 LADE 3 BAK 7,22/09/2023,,,,GEEN FOTO
W000589293300,TREKKER,"1,00",KAST 80 LADE 3,6/11/2025,,,000589293300.png,IN COMBINATIE MET 000 589 34 33 00
W000589293300,BINNENTREKKER,"1,00",KAST 10 LADE 3 BAK 7,22/09/2023,,,000589293300.png,W203589293300
W000589303700,ISOLATIETANG,"1,00",KAST 10 LADE 3 BAK 8,22/09/2023,,,,geen foto
W000589313300,BINNENTREKKER,"1,00",KAST 80 LADE 1,11/03/2024,,,,
W000589333300,SOUTIEN,"1,00",KAST 10 LADE 2 BAK 1,22/09/2023,,,,geen foto van
W000589341600,MONTAGEGEREEDSCHAP,"1,00",KAST 120 LADE 3 LI,14/12/2023,,,,
W000589403700,SLANGKLEM,"6,00",KAST 10 LADE 1,14/12/2023,,,,1 IN DE SCHUIF OP MOMENT VAN INVENTARIS
W000589499800,BOUTEILLE POUR ECHANTILLO,"1,00",Atelier,,,,000589499800.png,
W000589503100,KOPPELING CENTREREN NIET ORIGINEEL,"1,00",KAST 120 LADE 1,11/10/2024,,,,
W000589513100,Adapter,"2,00",KAST 120 LADE 3,21/11/2023,,,000589513100.png,Samen met A 170 589 04 63 00 zit hier vast op
W000589524300,DEMONTAGEGEREEDSCHAP,"2,00",SG 32,9/04/2024,,,000589524300.png,OK
W000589529800,KIT ESD,"1,00",KAST 90 LADE 3,23/07/2024,,,000589529800.png,
W000589543700,KLEM,"1,00",localiseren,,,,000589543700.png,Mazoutfilterklem
W000589569800,Safety plug,"1,00",KAST 40 LADE 1,17/02/2025,,,000589569800.png,
W000589584300,WERKTUIG,"1,00",KOFFER KETTING,14/12/2023,,,,koffer W 602 589 00 98 00
W000589680300,RINGSLEUTELDOP,"2,00",KAST 50 LADE 1,1/03/2024,,,000589680300.png,
W000589690300,RINGSLEUTELDOP,"2,00",KAST 30 LADE 4,1/03/2024,,,000589690300.png,17 MM
W000589700300,RINGSLEUTELDOP,"1,00",KAST 30 LADE 4,1/03/2024,,,000589700300.png,19 MM
W000589710300,RINGSLEUTELDOP,"2,00",KAST 30 LADE 4,1/03/2024,,,000589710300.png,22 MM
W000589750300,RINGSLEUTELDOP,"1,00",KAST 30 LADE 1 BAK 9,22/09/2023,,,000589750300.png,
W000589760300,RINGSLEUTEL,"1,00",KAST 30 LADE 1 BAK 9,22/09/2023,,,000589760300.png,
W000589770300,RINGSLEUTELDOP,"1,00",LIGGING CONTROLEREN,,,,000589770300.png,LIGT ERGENS ANDERS DAN SG31
W000589776300,ADAPTER,"1,00",KAST 10 LADE 3 BAK 5,22/09/2023,,,,GEEN FOTO
W000589780300,RINGSLEUTELDOP,"1,00",KAST 30 LADE 4,1/03/2024,,,000589780300.png,27 MM
W000589786300,CLE,"1,00",SGA 32,,,,,
W000589800300,RINGSLEUTELDOP,"1,00",KAST 30 LADE 4,1/03/2024,,,000589800300.png,19 MM
W000589883300,TREKKER,"1,00",KAST 100 LADE 4,3/03/2026,,,,geen foto
W000589886300,UITBOUWINRICHTING,"2,00",Johnny's kar,,,,000589886300.png,
W000589926300,ADAPTER HOOGVOLT,"1,00",KAST 20 LADE 4,28/11/2024,,,000589926300.png,
W000589936300,MONTAGEHEBEL,1,KAST 90 LADE 1,11/03/2024,,,000589936300.png,
W000589946300,Test adapter,1,KAST 20 LADE 4,12/02/2024,47,B,000589946300.png,
W000589956300,DEMONTAGEGEREEDSCHAP,"1,00",KAST 30 LADE 3,1/03/2024,,,000589956300.png,
W000589966300,,"1,00",KAST 20 LADE 4,29/02/2024,,,,FOTO
W001589000700,KLAUWSLEUTEL,"1,00",KAST 20 LADE 2,27/03/2024,,,,
w001589000700,klauenschlussel,"1,00",KAST 20 LADE 2,29/02/2024,,,,
W001589004000,GREEP,"1,00",KAST 50 LADE 4,22/09/2023,,,,
W001589009100,SET BESCHERMINGSKAPPEN,"6,00",KAST 20 LADE 4,29/02/2024,,,,GEEN FOTO
W001589010700,KLAUWSLEUTEL,"1,00",KAST 50 LADE 5,22/09/2023,,,,
W001589011610,RINGSLEUTELDOP,"1,00",KAST 30 LADE 1 BAK 9,22/09/2023,,,001589011610.png,
W001589019100,SET BESCHERMINGSKAPPEN,"3,00",KAST 20 LADE 4,29/02/2024,,,001589019100.png,
W001589021600,AFSTELGEREEDSCHAP,"1,00",KAST 100 LADE 5,11/03/2024,,,,
W001589029100,SET BESCHERMINGSKAPPEN,"3,00",KAST 20 LADE 4,29/02/2024,,,,GEEN FOTO
W001589031600,SET STEEKSLEUTELS,"1,00",KAST 60 SCHAP 3,22/09/2023,,,,
W001589069100,Set of protective covers,"5,00",KAST 20 LADE 4,17/02/2025,,,001589069100 (1).png,"∅ 40mm, length 100mm"
W001589193300,TREKKER,"1,00",KAST 70 SCHAP 2,29/02/2024,,,,
W001589383300,TREKKER,"2,00",KAST 40 LADE 3,15/04/2024,,,001589383300.png,
W001589650900,STEEKSLEUTELDOP,"2,00",KAST 10 LADE 3 BAK 5,22/09/2023,,,001589650900.png,
W001589692100,MEETINSTRUMENT,"1,00",KAST 30 LADE 2 BAK 11,22/09/2023,,,,GEEN FOTO VAN
W001589780900,STEEKSLEUTELDOP,"1,00",SG 31,9/04/2024,,,,OK
W001589800900,STEEKSLEUTELDOP,"2,00",SG 31,9/04/2024,,,,OK
W001589810900,STEEKSLEUTEL,"1,00",SG 31,9/04/2024,,,,OK E10 en E14
W001589812100,TOURNEVIS,"1,00",LOCALISEREN,,,,001589812100.png,ZOU IN DE KAST STAAN
W001589872100,MOMENTSLEUTEL,"1,00",SGA 33,,,,,
W001589882100,VERIFICATEUR,"1,00",KAST 3 LADE 6,11/03/2024,,,,
W003589072200,CONTROLEKAART,"1,00",KAST 90 LADE 1,11/03/2024,,,,
W100589025900,TUSSENSTUK,"1,00",KAST 30 LADE 2 BAK 11,22/09/2023,,,100589025900.png,
W102589003400,SCHROEFBOUT,"1,00",KAST 40 LADE 2,15/04/2024,,,102589003400.png,
W102589014000,BLOKKEERSTUK,"1,00",KAST 50 LADE 2,22/09/2023,,,,
W102589016100,BLOC DE SUPPORT,"1,00",Boven A62,,05,B,102589016100.png,
W102589034000,OUTIL MONTAGE MAGNETIQUE,"1,00",KAST 30 LADE 2 BAK 11,22/09/2023,47,B,102589034000.png,
W103589002100,TESTAPPARAAT,"2,00",SGA 21,,,,,
W103589002101,MANOMETER,"2,00",KAST 120 LADE 2 LI,15/04/2024,,,103589002100.png,
W103589002105,DRUKSLANG,"1,00",Schap,,,,103589002105.png,
W103589003300,TREKKER,"1,00",KAST 80 LADE 2,22/07/2024,,,,
W103589006100,"SUPPORT D,ENTRETOISE","1,00",Boven A62,,05,B,103589006100.png,
W103589010900,SCHROEVENDRAAIERDOP,"1,00",WERKPLAATS,,,,,
W103589013900,VIS AUTOBLOQUANTE,"1,00",KAST 30 LADE 2 BAK 11,22/09/2023,,,103589013900.png,
W103589020900,OLIEFILTERSLEUTEL,"1,00",SG 31,9/04/2024,,,103589020900.png,OK
W103589026300,TUSSENSTUK,"1,00",KAST 30 LADE 2 BAK 11,22/09/2023,,,,GEEN FOTO
W103589030900,STEEKSLEUTELDOP,"5,00",WERKPLAATS,,,,,
W104589006300,TESTKABEL,"1,00",KAST 120 LADE 3 RE,14/12/2023,,,,
W104589010100,STEEKSLEUTEL,"1,00",KAST 90 LADE 1,23/07/2024,,,,
W104589014300,MONTAGEDREVEL,"1,00",KAST 30 LADE 2 BAK 11,22/09/2023,,,104589014300.png,
W110589035900,WIG,"1,00",Carrosserie,,,,110589035900.png,
W111589009100,AANSLUITSTUK,"1,00",KAST 90 LADE 3,11/03/2024,,,,
W111589030900,SLEUTEL DPF SENSOR,"1,00",KAST 40 LADE 1,14/12/2023,,,111589030900.png,
W111589186100,HEFBOOM,"1,00",KAST 80 LADE 5,13/03/2024,,,,
W111589256100,OUTIL,"1,00",KAST 60 SCHAP 2,20/09/2024,,,,
W112589000100,STEEKSLEUTEL,"1,00",KAST 100 LADE 5,11/03/2024,,,,
W112589002500,DOSEERPISTOOL,"1,00",WERKPLAATS,,,,,
W112589003200,FIXEERPLAAT,"1,00",KAST 10 LADE 2 BAK 1,22/09/2023,,,,
W112589004000,TEGENHOUDSLEUTEL,"1,00",SGA 22,,,,,
W112589010900,BOUGIESLEUTEL,"1,00",SG 31,9/04/2024,,,,OK
W112589013200,FIXEERPLAAT,"1,00",KAST 10 LADE 2 BAK 1,22/09/2023,,,,
W112589026200,SET CENTREERBOUT,"1,00",KAST 30 LADE 2 BAK 11,22/09/2023,,,,GEEN FOTO
W112589034000,BLOKKEERSTUK,"1,00",KAST 30 LADE 5,14/12/2023,,,,
W113589000100,STEEKSLEUTEL,"1,00",KAST 80 LADE 1,11/03/2024,,,,
W115589013400,SCHROEFBOUT,"1,00",ZOEKEN,,,,,CONTROLEREN SG 44
W115589035900,WIG,"1,00",Johnny's kar,,,,115589035900.png,
W115589203300,TREKKER,"1,00",KAST 100 LADE 3,11/03/2024,,,,
W116589013400,SCHROEFBOUT,"1,00",KAST 30 LADE 1 BAK 9,22/09/2023,,,116589013400.png,
W116589016200,MONTAGEGEREEDSCHAP,"1,00",SG 31,9/04/2024,,,,ok
W116589066300,LEVE-MAGNETO,"1,00",KAST 50 LADE 1,17/04/2025,,,116589066300.png,
W116589094300,DORN,"1,00",KAST 80 LADE 2,13/03/2024,,,,
W116589203300,TREKKER,"1,00",KAST 80 LADE 5,13/03/2024,,,,
W116589223300,SLAGTREKKER WIELNAAFDOP,"1,00",SG 34,9/04/2024,,,116589223300.png,OK
W117589020700,OLIESTOP ACHTERAS,"1,00",SG 32,12/04/2024,,,117589020700.png,OK
W119589011400,HULS,"1,00",KAST 100 LADE 1,11/03/2024,,,,
W120589062100,OLIEPEILSTOK,"1,00",KAST 120 LADE 2 LI,12/04/2024,,,120589062100.png,
W120589072100,PEILSTOK,"1,00",LOCALISEREN,,,,120589072100.png,nog zoeke
W120589140700,SCHROEVENDRAAIER,"1,00",KAST 120 LADE 2 LI,19/01/2024,,,,
W123589010300,RINGSLEUTELDOP,"1,00",KAST 100 LADE 7,22/07/2024,,,,
W123589010900,STEEKSLEUTEL,"1,00",KAST 100 LADE 7,22/07/2024,,,123589010900.png,
W123589011000,CLE A CHEVILLE,"1,00",KAST 90 LADE 1,11/03/2024,,,,
W123589022100,MOMENTSLEUTEL,"1,00",KAST 80 LADE 5,22/07/2024,,,,
W123589063300,TREKKER INJECTEURS,"1,00",SG 32,9/04/2024,,,,OK GEEN FOTO VAN
W123589133300,TREKKER,"1,00",KAST 90 LADE 1,11/03/2024,,,,
W124589000900,STEEKSLEUTEL,"1,00",KAST 90 LADE 1,11/03/2024,,,,
W124589009100,TESTDOP,"1,00",KAST 120 LADE 3 LI,,,,124589009100.png,
W124589023104,WERKTUIG   C01,"1,00",SGA 13,,,,,
W124589033300,TREKKER,"1,00",WERKPLAATS,,,,124589033300.png,
W124589054300,EXTRACTEUR,"1,00",KAST 10 LADE 4,5/03/2024,,,,
W124589062100,TESTAPPARAAT,"1,00",KAST 60 SCHAP 3,22/09/2023,,,,
W124589072100,TELETHERMOMETRE,"1,00",SGB 12,,,,,
W124589126300,MES,"1,00",KAST 30 LADE 1 BAK 9,22/09/2023,88,K,124589126300.png,
W124589176300,MONTAGEGEREEDSCHAP,"1,00",KAST 100 LADE 4,19/07/2024,,,,
W124589182100,INSTELMAL,"1,00",KAST 30 LADE 1 BAK 10,22/09/2023,,,,
W124589192100,COMPTEUR D''IMPULSIONS,"1,00",SGA 20,,,,,
W124589196300,TUBULURE,"1,00",KAST 30 LADE 2 BAK 11,22/09/2023,,,,GEEN FOTO
W124589242100,DRUKPOMP,"1,00",KAST 120 LADE 3 LI,14/12/2023,,,124589242100.png,
W124589306300,WERKTUIG,"1,00",KAST 30 LADE 2 BAK 11,22/09/2023,,,,GEEN FOTO
W124589336300,TESTKABEL,"1,00",KAST 120 LADE 1,3/03/2026,,,,
W126589031500,DORN,"1,00",KAST 80 LADE 2,22/07/2024,,,126589031500.png,CONTROLEREN LADE 3 KAST 20
W126589136300,HOUDER,"1,00",KAST 100 LADE 1,11/03/2024,,,,
W126589166302,SPANPLATEN,"1,00",SGA 13,,,,,
W129589000900,CONTACT FEMELLE,"1,00",KAST 30 LADE 1 BAK 9,22/09/2023,,,,GEEN FOTO
W129589002100,TESTBOX,"1,00",KAST 120 LADE 1,14/12/2023,,,,
W129589010300,RINGSLEUTEL,"1,00",KAST 30 LADE 4,19/07/2024,,,,
W129589010700,STIFTSLEUTEL,"1,00",KAST 100 LADE 5,11/03/2024,,,,
W129589010900,CONTACT FEMELLE,"1,00",KAST 30 LADE 2 BAK 11,22/09/2023,,,,GEEN FOTO
W129589032100,VOELERMAAT,"1,00",Erik kar,,,,129589032100.png,
W129589034300,ENFONCEUR,"1,00",KAST 20 LADE 1,14/12/2023,,,,"07, 03, 06, 05"
W129589062100,HULPSTUK OM CHAPPE TE CONTROLEREN,"1,0",KAST 120 LADE 2 LI,15/04/2024,,,129589062100.png,
W129589106300,DRUKSTUK,"1,00",KAST 100 LADE 3,11/03/2024,,,,
W139589006200,HIJSOOG,"1,00",SG32,,,,139589006200.png,ZOEKEN
W139589014000,BLOKKEERINSTALLATIE,"1,00",KAST 50 LADE 5,22/09/2023,,,,
W139589034000,Steun,1,SGA 45,,,,,
W139589054000,Adapter,"1,00",ZOEKEN,27/03/2024,,,139589054000.png,
W140589001400,INVOERHULS,"1,00",ZOEKEN,11/03/2024,,,,
W140589001900,SCHUIFMAAT REMSCHIJVEN,"1,00",SG 31,9/04/2024,,,140589001900.png,OK
W140589003100,GEREEDSCHAP,"1,00",SGA 13,,,,,
W140589003700,MONTAGETANG,"1,00",KAST 100 LADE 1,19/07/2024,,,,
W140589004300,PERSGEREEDSCHAP,"1,00",ZOEKEN,11/03/2024,,,,
W140589006300,DRUKSTUK,"1,00",KAST 100 LADE 3,11/03/2024,,,,
W140589009800,COUVERCLE,"1,00",KAST 80 LADE 1,11/03/2024,,,,
W140589023300,DEMONTAGEHAAK,"2,00",SG 31,9/04/2024,,,,OK
W140589030900,CLE A TUBE,"1,00",KAST 10 LADE 3 BAK 5,22/09/2023,,,140589030900.png,
W140589056300,ADAPTERKABEL,"1,00",KAST 120 LADE 3 RE,14/12/2023,,,,
W140589063100,ONTGRENDELINGSGEREEDSCHAP,"1,00",KAST 10 LADE 3 BAK 5,22/09/2023,,,,GEEN FOTO
W140589081500,STEMPEL,"1,00",KAST 80 LADE 2,11/03/2024,,,,
W140589084300,PERSGEREEDSCHAP,"1,00",KAST 10 LADE 4,5/03/2024,,,140589084300.png,
W140589122100,ADAPTATEUR,"1,00",ZOEKEN,11/03/2024,,,,
W140589132100,TESTADAPTER,"1,00",ZOEKEN,11/03/2024,,,,
W140589152100,OLIEPEILSTOK,"1,00",KAST 120 LADE 2 LI,8/04/2024,,,140589152100.png,
W140589176300,ADAPTER,"1,00",KAST 30 LADE 2 BAK 11,22/09/2023,,,,
W140589342300,MONTAGEGEREEDSCHAP,"1,00",KAST 10 LADE 3 BAK 6,22/09/2023,,,,GEEN FOTO
W140589496300,VERLENGSTUK,"1,00",ZOEKEN,11/03/2024,,,,
W140589506300,TESTKABEL,"1,00",SGA 14,,,,,
W140589516300,TESTADAPTER,"1,00",KAST 10 LADE 2 BAK 1,22/09/2023,,,140589516300.png,
W163589001400,HULS,"1,00",KAST 30 LADE 1 BAK 10,22/09/2023,,,,
W163589001500,DREVEL,"1,00",KAST 80 LADE 3,22/07/2024,,,,
W163589003700,TANG,"1,00",SG 31,9/04/2024,,,,OK
W163589004300,TREKKER- EN PERSGER.,"1,00",KAST 80 LADE 2,22/07/2024,,,,KAST 90 LADE 3
W163589006200,,"1,00",KAST 20 LADE 1,14/12/2023,,,,
W163589006300,SPANPLAAT,"1,00",KAST 10 LADE 3 BAK 6,22/09/2023,,,,GEEN FOTO/ NIET COMPLEET
W163589011500,DREVEL,"1,00",KAST 30 LADE 2,5/03/2024,,,,
W163589014300,ONDERLEGPLAAT,"1,00",KAST 30 LADE 1 BAK 10,22/09/2023,,,,
W163589016300,TESTKABEL,"1,00",KAST 120 LADE 3 RE,14/12/2023,,,,
W163589019100,TESTDOP,"1,00",KAST 120 LADE 3 LI,14/12/2023,,,,
W163589021500,DREVEL,"1,00",KAST 80 LADE 2,11/03/2024,,,,
W163589024300,TREKKER- EN PERSGER.,"1,00",KAST 10 LADE 4,5/03/2024,,,,
W163589031500,DREVEL,"1,00",KAST 80 LADE 2,,,,,
W163589034300,PRESSE,"1,00",KAST 30 LADE 5,14/12/2023,,,,
W163589041500,DREVEL,"2,00",KAST 80 LADE 2,11/03/2024,,,,AANTAL CONTROLEREN
W163589061500,DREVEL,"1,00",ZOEKEN,,,,,CONTROLEREN
W164589000500,SLEUTEL,"2,00",KAST 100 LADE 3,11/03/2024,,,,
W164589000700,SLEUTEL,"1,00",KAST 100 LADE 4,11/03/2024,,,,
W164589001000,STEEKSLEUTEL,"1,00",KAST 10 LADE 1,14/12/2023,,,,
W164589001500,DREVEL,"1,00",KAST 20 LADE 1,14/12/2023,,,,
W164589006200,ADAPTER,"1,00",KAST 30 LADE 2,5/03/2024,,,,
W164589010700,KLAUWSLEUTEL,"1,00",KAST 20 LADE 3,5/03/2024,,,,
W164589016300,SPANPLATEN,"2,00",SGA 13,,,,,
W164589021500,DREVEL,"1,00",KAST 10 LADE 3 BAK 8,22/09/2023,,,164589021500.png,
W164589026300,ADAPTERKABEL,"1,00",KAST 120 LADE 4 RE,14/12/2023,,,,
W164589031500,DREVEL,"1,00",KAST 30 LADE 2,5/03/2024,,,,
W164589033300,ONTGRENDELINGSGEREEDSCHAP,"1,00",KAST 100 LADE 5,11/03/2024,,,,
W164589036300,WIELVRIJLOOP,"1,00",KAST 90 LADE 4,23/07/2024,,,,
W164589041500,DREVEL,"1,00",KAST 90 LADE 3,11/03/2024,,,,
W164589102300,DISPOSITIF ADAPTATEUR,"1,00",WERKPLAATS,,,,,
W166589000300,MONTAGEHEFBOOM,"2,00",KAST 120 LADE 2 RE,3/03/2026,,,,
W166589000300,MONTAGEHEFBOOM,"0,00",WERKPLAATS,,,,,
W166589004000,BLOKKEERSTUK,"1,00",KAST 30 LADE 5,14/12/2023,,,,
W166589006300,VERLOOPAANSLUITING,"1,00",CONTROLEREN,,,,,LIGT BIJ MANOMETER W103589002100
W166589016300,ADAPTERKABEL,"1,00",KAST 110 LADE 2,11/03/2024,,,,
W167589004000,TEGENHOUDSLEUTEL,"1,00",KAST 120 LADE 3 LI,14/12/2023,,,,
W167589006300,WIELVRIJLOOP,"1,00",KAST 90 LADE 4,21/05/2024,,,,
W167589016200,HIJSOOG,"1,00",KAST 50 LADE 5,22/09/2023,,,,
W167589064300,PERSGEREEDSCHAP,"1,00",KAST 50 LADE 5,22/09/2023,,,,
W168589003100,PLAAT,"1,00",ZOEKEN,11/03/2024,,,,CONTROLEREN
W168589004300,TREKGEREEDSCHAP,"1,00",KAST 80 LADE 1,19/07/2024,,,,
W168589009100,SLUITING,"1,00",KAST 30 LADE 1 BAK 10,22/09/2023,,,,
W168589012100,OLIEPEILSTOK,"1,00",KAST 120 LADE 2 LI,8/04/2024,,,168589012100.png,
W168589014300,TREKKER- EN PERSGER.,"1,00",KAST 10 LADE 4,5/03/2024,,,,
W168589023100,ONTGRENDELINGSGEREEDSCHAP,"1,00",KAST 30 LADE 1 BAK 10,22/09/2023,,,,
W168589024300,QUTIL DE PRESSION,"1,00",KAST 30 LADE 2,5/03/2024,,,,
W168589046300,TESTKABEL,"1,00",KAST 120 LADE 3 RE,14/12/2023,,,,
W168589056300,ROL,"1,00",KAST 90 LADE 1,11/03/2024,,,,
W168589061400,HULS,"1,00",KAST 100 LADE 3,11/03/2024,,,,
W168589062300,AANSLAG,"2,00",KAST 100 LADE 1,11/03/2024,,,,
W168589081500,MANDRIN,"1,00",KAST 40 LADE 2,14/12/2023,,,,
W168589086300,APPAREIL,"1,00",KAST 30 LADE 1 BAK 10,22/09/2023,,,,
W168589151500,DREVEL,"1,00",KAST 40 LADE 3,14/12/2023,,,,
W169589003100,ONDERLEGPLAAT,"1,00",KAST 30 LADE 1 BAK 10,22/09/2023,,,,
W169589003500,TREKKER- EN PERSGER.,"1,00",SGA 11,,,,,
W169589004000,HOUDER,"1,00",KAST 50 LADE 2,22/09/2023,,,,
W169589006100,MOTORSTEUN,"1,00",SGB,,,,,
W169589006200,BOUT,"1,00",KAST 50 LADE 2,22/09/2023,,,,
W169589006300,ADAPTERKABEL,"1,00",KAST 120 LADE 4 RE,14/12/2023,,,,
W169589009100,TESTDOP,"1,00",KAST 120 LADE 3 LI,14/12/2023,,,,
W169589016200,BEVESTIGINGSINRICHTING,"1,00",SGB,,,,,
W169589016300,ADAPTERKABEL,"1,00",KAST 120 LADE 4 LI,14/12/2023,,,,
W169589023100,HEFBRUGBORGING,"2,00",KAST 80 LADE 2,13/03/2024,,,,
W169589026300,SPANPLATEN,"1,00",SGA 12,,,,,
W170589046300,SUPPORT,"3,00",KAST 120 SCHUIF 3 LI,25/04/2025,,,170589046300.png,Samen met W 000 589 51 31 00 Zit hier vast op
W170589066300,,"1,00",KAST 120 LADE 3 LI,14/12/2023,,,,
W171589003700,TANG VOOR KLIKKLEMMEN,"1,00",SG 32,3/09/2024,,,,
W171589003900,FRAISE POUR RIVETS,"1,00",KAST 30 LADE 6,2/07/2024,,,,
W171589004300,TREKKER- EN PERSGER.,"1,00",KAST 10 LADE 3 BAK 8,22/09/2023,,,,geen foto
W171589013100,HEFBRUGBORGING,"2,00",KAST 80 LADE 5,13/03/2024,,,,
W171589032200,SOFTWARE SERVICE-CD,"1,00",Johnny Bureau,,,,,GEEN FOTO
W171589036300,SPANPLAAT,"1,00",SGA 12,,,,,
W172589006300,ADAPTERPLAAT,"1,00",SGA 12,,,,,
W174588003200,ADAPTERPLAAT,"1,00",BOVEN A14,20/05/2025,,,,
W176589004000,TEGENHOUDSLEUTEL,"1,00",Schap,,,,176589004000.png,
W177589000900,STEEKSLEUTELDOP,"1,00",KAST 40 LADE 1,22/07/2024,,,177589000900.png,
W177589002100,ADAPTER,"1,00",KAST 30 LADE 1 BAK 10,22/09/2023,,,177589002100.png,In combination with W 103 589 00 21 00
W177589002300,SJABLOON,"1,00",KAST 50 LADE 5,22/09/2023,,,,
W177589003100,SPREIDGEREEDSCHAP,"1,00",KAST 60 SCHAP 3,22/09/2023,33,B,177589003100.png,Verwijderen spoorstang
W177589003200,ADAPTERPLAAT,"1,00",SGA 15,,,,,
W177589003700,TANG VOOR KLIKKLEMMEN,"1,00",KAST 50 LADE 3,22/09/2023,,,,
W177589004000,TEGENHOUDSLEUTEL,"1,00",KAST 90 LADE 3,11/03/2024,,,,
W177589004300,PERSGEREEDSCHAP,"1,00",KAST 10 LADE 3 BAK 7,22/09/2023,,,177589004300.png,
W177589006100,MONTAGEGEREEDSCHAP,"1,00",KAST 50 LADE 3,22/09/2023,,,,
W177589006200,HIJSOOG,"1,00",SGA 25,,,,,
W177589006300,ADAPTERKABEL,"1,00",KAST 110 LADE 2,11/03/2024,,,,
W177589016300,ADAPTERKABEL,"1,00",KAST 110 LADE 2,11/03/2024,,,,
W177589023200,ADAPTER,"1,00",KAST 50 LADE 4,22/09/2023,,,,
W177589026200,Motorsteun,1,Boven,14/02/2023,"01, 22",B,177589026200.png,
W177589031500,DREVEL,"1,00",KAST 20 LADE 2,13/12/2023,,,,
W177589033200,ADAPTERPLAAT,"1,00",SGA 13,,,,,
W177589036200,AANPASSINGSSTUK,"1,00",KAST 20 LADE 2,13/12/2023,,,,
W177589036301,TESTKABEL,"1,00",KAST 120 LADE 3 RE,3/03/2026,,,,
W177589051500,Dorn,"1,00",KAST 90 LADE 1,11/03/2024,,,,
W177589061500,Dorn,"1,00",KAST 50 LADE 4,22/09/2023,,,,
W190589011500,DEMONTAGESTEMPEL,"1,00",KAST 50 LADE 5,22/09/2023,,,,
W200588006100,BLOKKEER,"1,00",KAST 40 LADE 2,20/05/2025,,,,
W200589000900,STEEKSLEUTEL,"3,00",WERKPLAATS,,,,,
W200589004000,TEGENHOUDSLEUTEL,"1,00",KAST 100 LADE 6,11/03/2024,,,,
W200589004300,MONTAGEGEREEDSCHAP,"1,00",KAST 100 LADE 1,11/03/2024,,,,
W200589009100,ADAPTER,"1,00",KAST 50 LADE 1,14/12/2023,,,,
W200589024300,PERSGEREEDSCHAP,"1,00",KAST 50 LADE 1,14/12/2023,,,,
W201589000900,STEEKSLEUTELDOP,"1,00",KAST 40 LADE 1,19/07/2024,,,,
W201589013300,TREKKER,"1,00",KAST 40 LADE 1,14/12/2023,,,,
W201589014300,PERSGEREEDSCHAP,"1,00",SG 35,,,,,NIET OP ZIJN PLEK
W201589056300,DRUKSTUK,"1,00",KAST 100 LADE 3,11/03/2024,,,,
W201589132100,VACUUMTESTER,"1,00",KAST 60 SCHAP 2,8/04/2024,,,201589132100.png,
W202589000700,NOKSLEUTEL,"1,00",KAST 80 LADE 3,22/07/2024,,,,
W202589000900,VEER,"1,00",NIET OP ZIJN PLEK,11/03/2024,,,,LAG NIET OP ZIJN PLEK
W202589001000,SLEUTEL,"1,00",KAST 30 LADE 1 BAK 10,22/09/2023,,B,202589001000.png,
W202589004300,OUTIL DE MONTAGE,"1,00",KAST 10 LADE 3 BAK 6,22/09/2023,,,202589004300.png,
W202589006100,DEMONTAGEGEREEDSCHAP,"1,00",KAST 100 LADE 1,11/03/2024,,,,
W202589009000,,"1,00",KAST 100 LADE 1,19/07/2024,,,,
W202589012100,TESTADAPTER,"1,00",KAST 120 LADE 3 RE,14/12/2023,,,,
W202589013300,TREKKER,"1,00",KAST 80 LADE 1,5/03/2024,,,,CONTROLEREN
W202589013700,MONTAGETANG,"1,00",KAST 80 LADE 1,5/03/2024,,,,
W202589014300,TREKGEREEDSCHAP,"1,00",KAST 10 LADE 4,5/03/2024,,,,
W202589023100,TENDEUR DE RESSORT,"1,00",WERKPLAATS,,,,,
W202589023300,TREKKER,"1,00",KAST 30 LADE 3,1/03/2024,,,,
W202589044300,TREKGEREEDSCHAP,"1,00",KAST 100 LADE 7,22/07/2024,,,,
W202589044310,TREKGEREEDSCHAP,"1,00",KAST 10 LADE 4,27/03/2024,,,,
W202589136300,SPANPLATEN,"1,00",SGA 13,,,,,
W202589146300,SPANPLATEN,"1,00",SGA 20,,,,,
W203589000700,NOKSLEUTEL,"1,00",KAST 30 LADE 1 BAK 10,22/09/2023,,,,GEEN FOTO VAN
W203589001000,STEEKSLEUTEL,"1,00",KAST 30 LADE 1 BAK 10,22/09/2023,,,,GEEN FOTO VAN
W203589002600,TUBULURE,"1,00",KAST 30 LADE 1 BAK 10,22/09/2023,,,,GEEN FOTO VAN
W203589004300,TREKKER- EN PERSGER.,"1,00",KAST 80 LADE 2,22/07/2024,,,,KAST 50 LADE 2
W203589006300,ADAPTERKABEL,"1,00",KAST 102 LADE 1,3/03/2026,,,,
W203589010700,KLAUWSLEUTEL,"1,00",KAST 40 LADE 5,14/12/2023,,,,
W203589011000,CLE SPECIALE,"1,00",KAST 30 LADE 1 BAK 10,22/09/2023,,,,
W203589013100,TENDEUR DE RESS,"1,00",SGA 12,,,,,
W203589014300,TREKKER- EN PERSGER.,"1,00",KAST 10 LADE 2 BAK 4,22/09/2023,,,203589014300.png,
W203589016300,SPANPLATEN,"1,00",SGA 12,,,,,
W203589031000,SLEUTEL,"1,00",ZOEKEN,11/03/2024,,,,CONTROLEREN
W203589033100,HOUDER,"1,00",KAST 10 LADE 3 BAK 6,22/09/2023,,,,GEEN FOTO
W203589043103,BUS,"1,00",KAST 100 LADE 3,11/03/2024,,,,
W203589043300,LEVIER DE DEMONTAGE,"1,00",KAST 30 LADE 1 BAK 10,22/09/2023,,,203589043300.png,
W203589056300,MES,"1,00",ZOEKEN,,,,203589056300.png,ZOEKEN OM RUIT UIT TE SNIJDEN BIJ ERIK HOREN
W203589066300,ADAPTATEUR POUR PROGRAMMA,"1,00",KAST 120 LADE 3 LI,14/12/2023,,,,
W203589076300,TESTADAPTER,"1,00",KAST 60 SCHAP 2,22/09/2023,,,,
W203589293300,BINNENTREKKER W 000 589 29 33 00,"1,00",KAST 10 LADE 3 BAK 7,5/12/2025,,,000589293300.png,W 000 589 29 33 00 is dezelfde
W204589000900,STEEKSLEUTELDOP,"1,00",ZOEKEN,11/03/2024,,,,
W204589001600,MONTAGEGEREEDSCHAP,"1,00",KAST 100 LADE 4,11/03/2024,,,,
W204589006300,SPANPLATEN,"1,00",SGA 13,,,,,
W204589024300,UITPERSGEREEDSCHAP,"1,00",KAST 50 LADE 2,22/09/2023,"35,32",B,204589024300.png,
W204589026300,ADAPTERPLAAT,"1,00",SGA 12,,,,,
W204589036300,ADAPTERKABEL,"1,00",KAST 110 LADE 2,11/03/2024,,,,
W204589044300,ADAPTION,"1,00",KAST 80 LADE 5,22/07/2024,,,,
W204589046300,ADAPTERKABEL,"2,00",KAST 110 LADE 2,11/03/2024,,,,
W205589000700,ONTGRENDELINGSGEREEDSCHAP,"1,00",KAST 100 LADE 3,11/03/2024,,,,
W205589001500,DREVEL,"1,00",KAST 80 LADE 5,11/03/2024,,,,
W205589002100,ADAPTER,"1,00",KAST 50 LADE 1,14/12/2023,,,,
W205589006100,Engine hoist,"1,00",KAST 100 LADE 7,23/07/2024,,,205589006100.png,W 240 589 00 61 00
W205589006300,ADAPTERKABEL,"1,00",SGA 22,,,,,
W205589011500,SET DREVELS,"1,00",SGA 25,,,,,
W205589016300,ONTGRENDELINGSGEREEDSCHAP,"1,00",KAST 90 LADE 1,11/03/2024,,,,
W205589026300,DEMONTAGEGEREEDSCHAP,"1,00",KAST 90 LADE 1,11/03/2024,,,,
W206588013200,ADAPTER VOOR VERING,"1,00",KAST 20 LADE 2,,,,206588013200.png,"In combination with W169589026300   Clamping plates, W2115890163 00   Clamping plate and W203589013100"
W206589001500,TREKKER,"1,00",KAST 20 LADE 2,13/12/2023,,,206589001500.png,
W206589001900,ADAPTER ACHTERAS,1,Boven B26,14/02/2023,,,206589001900.png,SAMEN MET W0005880519 is voor uitlijning
W206589002100,Adaper,"1,00",KAST 50 LADE 4,22/09/2023,,,206589002100.png,
W206589013200,,"1,00",KAST 20 LADE 2,13/12/2023,,,,
W208589001500,STEMPEL,"1,00",KAST 20 LADE 3,27/03/2024,,,,
W210589000900,STEEKSLEUTELDOP,"1,00",KAST 10 LADE 1,14/12/2023,,,,
W210589001600,PIECE DE RACCOR,"1,00",KAST 30 LADE 1 BAK 10,22/09/2023,,,,
W210589006600,FREES,1,KAST 80 LADE 2,13/03/2024,,,,Actie 210
W210589006600,VOORZIENING,"1,00",Carrosserie,,,,,GEEN FOTO
W210589009100,TESTDOP,"2,00",KAST 120 LADE 3 LI,14/12/2023,,,,
W210589010700,NOKSLEUTEL,"1,00",KAST 40 LADE 1,9/07/2024,,,,
W210589011400,GELEIDINGSHULS,"1,00",KAST 20 LADE 3,27/03/2024,,,,
W210589011600,CLE,"1,00",SG 31,,,,210589011600.png,CONTROLEREN OF DIT OP DE VASTE MOMENTSLEUTEL ZIT
W210589013100,PLAT DE SUPPORT,"1,00",KAST 100 LADE 1,19/07/2024,,,,
W210589034300,OUTIL DE MONTAGE,"1,00",KAST 80 LADE 5,13/03/2024,,,,
W210589036300,ADAPTER,"1,00",KAST 120 LADE 3 LI,14/12/2023,,,,
W210589043300,MONTAGEGEREEDSCHAP,"1,00",KAST 50 LADE 2,22/09/2023,,,,
W210589046300,DRUKSTUK,"1,00",KAST 100 LADE 3,11/03/2024,,,,
W210589072100,HOUDER,"1,00",KAST 10 LADE 2 BAK 4,22/09/2023,,,210589072100.png,
W210589082100,KALIBER,"1,00",KAST 10 LADE 2 BAK 4,22/09/2023,,,210589082100.png,
W211589000300,RINGSLEUTEL,"1,00",KAST 30 LADE 1 BAK 9,22/09/2023,,,,GEEN FOTO
W211589000500,NOKSLEUTEL,"1,00",KAST 120 LADE 3 LI,14/12/2023,,,,
W211589000900,STEEKSLEUTEL,"1,00",KAST 30 LADE 1 BAK 10,22/09/2023,,,211589000900.png,
W211589001500,DREVEL,"1,00",KAST 20 LADE 3,27/03/2024,,,,
W211589003100,ADAPTATEUR,"1,00",KAST 30 LADE 1 BAK 9,22/09/2023,,,211589003100.png,
W211589003300,PERSGEREEDSCHAP,"2,00",KAST 30 LADE 1 BAK 9,22/09/2023,,,211589003300.png,
W211589003400,DRUKSTUK,"1,00",KAST 10 LADE 2 BAK 4,22/09/2023,,,,GEEN FOTO
W211589006300,ONTGRENDELINGSGEREEDSCHAP,"1,00",KAST 10 LADE 3 BAK 8,14/12/2023,,,211589006300.png,
W211589010300,RINGSLEUTEL,"1,00",KAST 30 LADE 1 BAK 9,22/09/2023,,,,GEEN FOTO
W211589013300,TREKKER,"1,00",SGA 21,,,,,
W211589019100,ADAPTATEUR,"1,00",KAST 30 LADE 1 BAK 9,22/09/2023,,,,GEEN FOTO
W211589022100,RUITENWISSERS AFSTELLER,"1,00",KAST 60 SCHAP 3,22/09/2023,,,211589022100.png,
W211589022100,AFSTELGEREEDSCHAP,"1,00",SGB 14,,,,,
W211589031500,DREVEL,"1,00",KAST 20 LADE 3,27/03/2024,,,,
W211589032100,ADAPTER SBC C01,"1,00",SGA 33,,,,,
W211589032102,CABLE D ADAPTATEUR,"1,00",SGA 24,,,,,
W211589041500,DREVEL,"1,00",KAST 20 LADE 3,27/03/2024,,,,
W211589042102,ADAPTERKABEL,"1,00",SGA 24,,,,,
W211589042103,CABLE D ADAPTATEUR,"1,00",SGA 24,,,,,
W211589046300,MONTAGE-INRICHTING,"1,00",KAST 10 LADE 2 BAK 3,22/09/2023,,,,GEEN FOTO
W211589051500,DREVEL,"1,00",KAST 20 LADE 3,27/03/2024,,,,
W211589061500,MANDRIN,"1,00",KAST 20 LADE 3,27/03/2024,,,,
W211589062300,CONTROLEKALIBER,"1,00",WERKPLAATS,,,,,
W211589096300,HEFT,"1,00",KAST 30 LADE 1 BAK 9,22/09/2023,,,,GEEN FOTO
W211589136300,AANVULLINGSSET,"2,00",KAST 30 LADE 1 BAK 10,22/09/2023,,,,GEEN FOTO VAN
W212589006300,SPANPLAAT,"1,00",SGA 12,,,,,
W212589009000,TESTADAPTER,"1,00",KAST 30 LADE 6,11/03/2024,,,,
W212589013100,HOUDER,"1,00",KAST 50 LADE 2,22/09/2023,,,,
W212589016300,ADAPTERKABEL,"1,00",SGA 32,,,,,
W212589046300,VEILIGHEIDSTEKKER,"1,00",KAST 100 LADE 1,11/03/2024,,,,CONTROLEREN OP LIGGING
W213589009000,ADAPTER,"1,00",KAST 50 LADE 1,14/12/2023,,,,
W213589016300,ADAPTER,"1,00",KAST 40 LADE 3,25/04/2025,,,213589016300.png,
W215589016300,AANSLUITLEIDING,"1,00",KAST 90 LADE 3,11/03/2024,,,,
W219589000900,STEEKSLEUTEL,"1,00",KAST 30 LADE 2,5/03/2024,,,,
W220589000100,CLEF PLATE,"1,00",KAST 30 LADE 4,19/07/2024,,,,
W220589000700,NOKSLEUTEL,"1,00",KAST 100 LADE 3,11/03/2024,,,,
W220589003300,TREKKER,"1,00",KAST 30 LADE 5,14/12/2023,,,,
W220589004300,TREKKER- EN PERSGER.,"1,00",KAST 10 LADE 2 BAK 4,22/09/2023,,,220589004300.png,
W220589006100,TREKKER- EN PERSGER.,"1,00",KAST 20 LADE 1,14/12/2023,,,,
W220589009902,ADAPTERKABEL,"2,00",KAST 110 LADE 1,9/07/2024,,,,GEEN FOTO
W220589009903,ADAPTERKABEL,"1,00",KAST 110 LADE 1,9/07/2024,,,220589009903.png,
W220589009910,ADAPTERKABEL,"1,00",KAST 110 LADE 1,9/07/2024,,,,GEEN FOTO
W220589009911,ADAPTERKABEL,"1,00",KAST 110 LADE 1,9/07/2024,,,,GEEN FOTO
W220589009914,ADAPTERKABEL,"1,00",KAST 110 LADE 1,9/07/2024,,,,GEEN FOTO
W220589009915,ADAPTERKABEL,"1,00",KAST 110 LADE 1,9/07/2024,,,,GEEN FOTO
W220589009930,ADAPTERKABEL,"1,00",KAST 110 LADE 2,11/03/2024,,,,
W220589009931,TUSSENSTEKKER,"1,00",KAST 110 LADE 2,9/07/2024,,,,
W220589009933,TUSSENSTEKKER,"2,00",KAST 110 LADE 2,9/07/2024,,,,
W220589009934,ADAPTERKABEL,"3,00",KAST 110 LADE 2,11/03/2024,,,,
W220589009935,ADAPTERKABEL,"3,00",KAST 110 LADE 2,9/07/2024,,,,
W220589009936,ADAPTERKABEL,"1,00",KAST 110 LADE 2,11/03/2024,,,,
W220589009937,ADAPTERKABEL,"1,00",KAST 110 LADE 2,11/03/2024,,,,
W220589009938,TESTKABEL,"1,00",KAST 110 LADE 2,9/07/2024,,,,
W220589009939,ADAPTERKABEL,"1,00",KAST 110 LADE 2,11/03/2024,,,,
W220589010100,CLEF PLATE,"1,00",KAST 30 LADE 4,19/07/2024,,,,
W220589014300,TREKKER- EN PERSGER.,"1,00",KAST 100 LADE 6,11/03/2024,,,,
W220589019905,JPT/MCP 2.8,"1,00",KOFFER W000589139900,20/09/2024,,,,
W220589019920,ONTGRENDELAAR,"1,00",KOFFER W000589139900,20/09/2024,,,,
W220589019925,ONTGRENDELAAR,"2,00",KOFFER W000589139900,20/09/2024,,,220589019925.png,
W220589019930,ONTGRENDELAAR,"1,00",KOFFER W000589139900,20/09/2024,,,,
W220589019950,ONTGRENDELAAR,"1,00",KOFFER W000589139900,20/09/2024,,,,
W220589019950,HEFT,"1,00",KAST 10 LADE 1,14/12/2023,,,220589019950.png,"Relevant blades: W220 589 01 99 51 blade MPT, W220 589 01 99 63 blade SLK 2.8 - 97, W220 589 04 99 34 blade, W220 589 04 99 35 blade and W930 589 01 33 00 blade."
W220589019960,KLING,"1,00",KOFFER W000589139900,20/09/2024,,,,
W220589019963,KLING,"1,00",KOFFER W000589139900,20/09/2024,,,220589019963.png,
W220589019982,JPT/MCP 2.8 ELA,"1,00",KOFFER W000589139900,20/09/2024,,,,
W220589019985,MQS,"1,00",KOFFER W000589139900,20/09/2024,,,,
W220589019986,MQS ELA,"1,00",KOFFER W000589139900,20/09/2024,,,,
W220589020100,CLEF PLATE,"1,00",KAST 430 LADE 4,19/07/2024,,,,
W220589023100,MACHOIRES DE TENSION,"1,00",KAST 10 LADE 2 BAK 3,22/09/2023,,,220589023100.png,
W220589034300,OUTIL DE MONTAGE,"1,00",KAST 30 LADE 5,14/12/2023,,,,"01, 02 EN 03"
W220589034301,Persgereedschap,"1,00",KAST 30 LADE 5,14/12/2023,,,,
W220589034302,Persgereedschap,"1,00",KAST 30 LADE 5,14/12/2023,,,,
W220589034303,,"1,00",KAST 30 LADE 5,14/12/2023,,,,
W220589049910,MCP1.2 ELA,"1,00",KOFFER W000589139900,20/09/2024,,,,
W220589049930,KLINGE,"1,00",KOFFER W000589139900,17/04/2025,,,220589049930.png,MCP 1.2 blade
W220589049934,KLING,"1,00",KOFFER W000589139900,20/09/2024,,,220589049934.png,
W220589049937,ONTGRENDELAAR N3/9 654,"1,00",KOFFER W000589139900,20/09/2024,,,,
W220589049938,ONTGRENDELAAR N3/9 654,"1,00",KOFFER W000589139900,20/09/2024,,,,
W220589059900,ELEKTROAANSLUITSET,"1,00",SGB 26,,,,,
W220589064300,OUTIL ENFONCEUR,"1,00",KAST 10 LADE 4,1/03/2024,,,220589064300.png,VOLLEDIGE SET
W220589074300,TREKKER- EN PERSGER.,"1,00",KAST 100 LADE 4,11/03/2024,,,,
W221589001600,ONTGRENDELINGSGEREEDSCHAP,"1,00",KAST 90 LADE 1,11/03/2024,,,,
W221589003100,SET NOODLOOPRUBBERS,"2,00",KAST 80 LADE 5,13/03/2024,,,,
W221589003900,EXTRACTEUR,"1,00",KAST 30 LADE 6,11/03/2024,,,,
W221589013300,RESOLVEZ L OUTIL,"1,00",KAST 50 LADE 1,14/12/2023,,,,
W221589016200,OOGBOUTEN,"1,00",KAST 100 LADE 5,11/03/2024,,,,
W221589019800,MONTAGEGEREEDSCHAP,"1,00",KAST 40 LADE 2,15/04/2024,,,221589019800.png,
W221589041500,PERSGEREEDSCHAP,"1,00",KAST 90 LADE 4,6/11/2025,,,221589041500.png,
W221589043300,TREKGEREEDSCHAP,"1,00",KAST 50 LADE 3,22/09/2023,,,,
W221589053300,Trekker,"1,00",KAST 40 LADE 5,14/12/2023,,,,
W221589056300,VEILIGHEIDSTEKKER,"1,00",KAST 20 LADE 2,13/12/2023,,,,
W222589006200,HEFINRICHTING,"1,00",Boven B31,,47? 54,B,222589006200.png,
W222589006300,ADAPTERKABEL,"1,00",KAST 120 LADE 3 RE,14/12/2023,,,,
W222589016300,TESTADAPTER hv,"1,00",KAST 20 LADE 4,22-09-2026 18:41,,,,TESTADAPTER hv 
W222589019100,ADAPTER,"1,00",KAST 40 LADE 3,25/04/2025,,,222589019100.png,
W222589023100,ADAPTER,"1,00",KAST 60 SCHAP 4,22/09/2023,42,B,222589023100.png,
W222589026300,TESTADAPTER,"1,00",KAST 20 LADE 4,12/02/2024,,,,
W222589046300,ADAPTERKABEL HV ACCU,"1,00",KAST 60 SCHAP 4,22-09-2026 18:59,,,222589046300.png,ZIT BIJ IN DE KOFFER VAN W000589239900 KAST 60 SCHAP 4 
W222589056300,TESTADAPTER,"1,00",KAST 20 LADE 4,12/02/2024,,,,
W222589066300,ADAPTERKABEL,"1,00",KAST 20 LADE 4,12/02/2024,,,,
W223586006300,Tussenstekker,"2,0",KAST 110 LADE 2,13/09/2024,,,,
W223589001500,DREVEL,"1,00",KAST 50 LADE 5,22/09/2023,,,223589001500.png,In combination with W   001   589   00   40   00
W223589006300,TUSSENSTEKKER,"1,00",KAST 110 LADE 2,9/07/2024,,,,
W230589003401,Assembly and removal tool supplementary kit,"1,00",KAST 10 LADE 1,13/12/2023,,,230589003400 (1).png,OK W210589024300
W230589003402,Assembly and removal tool supplementary kit,"1,00",KAST 10 LADE 1,13/12/2023,,,230589003400 (1).png,
W230589009900,MOMENTSLEUTEL,"1,00",KAST 30 LADE 2,,,,,KALIBRA
W230589016300,VULTRECHTER,"1,00",KAST 50 LADE 1,14/12/2023,,,,
W230589026300,TESTKABEL,"1,00",KAST 120 LADE 3 RE,14/12/2023,,,,
W230589046300,STEUN,"1,00",KAST 120 LADE 2 LI,3/03/2026,,,,
W230589136300,ONTGRENDELINGSGEREEDSCHAP,"1,00",KAST 30 LADE 1 BAK 9,22/09/2023,,,,GEEN FOTO
W231589002100,ADAPTER,"1,00",KAST 40 LADE 1,9/07/2024,,,,
W232589001900,ADAPTER,1,KAST 20 LADE 2,13/12/2023,,,232589001900.png,SAMEN MET W0005880519 is voor uitlijning
W240589003200,ADAPTERPLATEN,"1,00",SGA 15,,,,,
W240589006100,MOTORHEFINRICHTING,"1,00",SGB,,,,,
W240589009100,ADAPTER,"1,00",ZOEKEN,,,,,CONTROLEREN KAST 110 LADE 2 ?
W240589013100,ADAPTERSET,"1,00",SGA 15,,,,,
W242589006300,,"2,00",KAST 20 LADE 4,23/07/2024,,,,
W243588003200,SPANPLATEN VEER,"1,00",BOVEN A14,6/05/2025,,,243588003200.png,
W243589009100,Ontluchtingsdop Hybride,2.0,KAST 40 LADE 4,14/12/2023,,,,
W243589019100,ADAPTER,"1,00",KAST 40 LADE 3,25/04/2025,,,243589019100.png,
W243589024300,TREKKER,"1,00",BOVEN C42,6/05/2025,,,243589024300.png,
W245589003300,Cardan uitduwer,"1,00",KAST 80 LADE 1,11/03/2024,"33, 35",B,245589003300.png,
W246589002100,VOORZIENING,"1,00",KAST 10 LADE 2 BAK 2,22/09/2023,,,246589002100.png,
W246589003300,TREKKER,"1,00",KAST 50 LADE 5,22/09/2023,,,,
W246589004000,TEGENHOUDSLEUTEL,"1,00",KAST 90 LADE 1,11/03/2024,,,,
W246589006200,BEVESTIGINGSINRICHTING,"1,00",SGB,,,,,
W246589006300,ADAPTERPLAAT,"1,00",SGA 12,,,,,
W246589013300,TREKGEREEDSCHAP,"1,00",KAST 80 LADE 1,11/03/2024,,,,
W246589016300,SPANPLATEN,"1,00",SGA 12,,,,,
W247589004000,Tegenhouder,"1,00",KAST 120 LADE 2 LI,3/03/2026,,,,
W252588002300,BLOKKEERGEREEDSCHAP,"1,00",KAST 30 LADE 5,19/05/2026,,,252588002300.png,
W252588003300,TREKKER INJECTOREN,"1,00",KAST 40 LADE 1,2/04/2026,,,,
W252588004000,BLOKKEERPEN,"1,00",KAST 30 LADE 5,19/05/2026,,,252588004000.png,
W252588006200,UIT- EN INBOUWTOOL NOKKENASVERSTELLER,"1,00",KAST 30 LADE 5,2/04/2026,,,,
W253589001500,DORN,"1,00",BOVEN C42,6/05/2025,,,253589001500.png,
W254586004300,Montagewerktuig,"1,00",SGB 41,,,,,
W254588003200,KLEMPLATEN,1,Boven A13,6/06/2023,,,,SAMEN MET W 206 586 01 31 00
W254589011500,DORN,1?00,KAST 20 LADE 1,16/05/2024,,,,GEEN FOTO VAN 16/05/2024
W254589013300,PERSGEREEDSCHAP,"1,00",KAST 80 LADE 1,11/03/2024,,,,
W256586000900,TORX,"1,00",KAST 40 LADE 1,28/03/2025,,,256586000900.png,
W256589006300,ADAPTERKABEL,"1,00",KAST 110 LADE 2,11/03/2024,,,,
W256589013300,TREKER,"1,00",KAST 60 SCHAP 3,22/09/2023,,,,
W266589003100,SPANNER,"1,00",SG 31,9/04/2024,,,,OK
W266589006100,WIG,"1,00",KAST 100 LADE 5,19/07/2024,,,,
W266589006300,AANSLUITSTUK,"1,00",KAST 100 LADE 2,11/03/2024,,,,
W266589009100,AANSLUITSTUK,"1,00",KAST 10 LADE 2 BAK 2,22/09/2023,,,,GEEN FOTO
W266589014000,BLOKKEERSTUK,"1,00",KAST 50 LADE 1,14/12/2023,,,,
W266589016100,DEMONTAGEGEREEDSCHAP,"1,00",KAST 100 LADE 5,11/03/2024,,,,
W266589016300,ADAPTERKABEL,"1,00",KAST 120 LADE 4 RE,14/12/2023,07,B,266589016300.png,
W270589000700,MONTAGEHEFBOOM,"1,00",KAST 120 LADE 2 LI,3/03/2026,,,,
W270589001500,DREVEL,"1,00",KAST 100 LADE 1,11/03/2024,,,,
W270589004000,BLOKKEERSTUK,"1,00",KAST 30 LADE 5,14/12/2023,,,,
W270589006300,TESTDOP,"1,00",KAST 20 LADE 3,13/03/2024,,,,
W270589009100,AANSLUITADAPTER,"1,00",ZOEKEN,27/03/2024,,,,
W270589010700,STEEKSLEUTELDOP,"1,00",KAST 40 LADE 1,22/07/2024,,,,
W270589013300,TREKKER,"1,00",KAST 50 LADE 4,22/09/2023,,,,
W270589016100,BORGVOORZIENING,"1,00",KAST 50 LADE 3,22/09/2023,,,270589016100.png,
W270589016300,,"1,00",KAST 20 LADE 2,13/12/2023,,,,
W270589016300,ADAPTERSET,"1,00",SGA 22,,,,,
W270589019100,SCHROEFDRAADADAPTER,"4,00",KAST 100 LADE 2,11/03/2024,,,,
W270589023300,PERS,"1,00",KAST 90 LADE 4,20/05/2025,,,,
W270589029100,ADAPTER,"2,00",KAST 20 LADE 1,14/12/2023,,,270589029100.png,
W271589002100,TESTER,"1,00",KAST 50 LADE 1,14/12/2023,,,,
W271589003100,WIG,"1,00",KAST 80 LADE 1,11/03/2024,,,,
W271589003300,TREKKER,"1,00",KAST 100 LADE 5,11/03/2024,,,,
W271589004000,TEGENHOUDSLEUTEL,"1,00",KAST 20 LADE 3,27/03/2024,,,,
W271589004300,PERSGEREEDSCHAP,"1,00",ZOEKEN,11/03/2024,,,,CONTROLEREN
W271589006100,BORGVOORZIENING,"1,00",KAST 80 LADE 1,11/03/2024,,,,
W271589006200,AANPASSINGSSTUK,"1,00",KAST 100 LADE 4,11/03/2024,,,,
W271589009100,AANSLUITSTUK,"1,00",KAST 10 LADE 2 BAK 2,22/09/2023,,,271589009100.png,
W271589016200,ADAPTER,"1,00",KAST 30 LADE 3,19/07/2024,,,,
W271589016300,MONTAGE-INZETSTUKKEN,"1,00",SGA 20,,,,,
W271589023300,TREKKER,"1,00",KAST 100 LADE 5,11/03/2024,,,,
W271589034000,TEGENHOUDSLEUTEL,"1,00",KAST 120 LADE 2 LI,3/03/2026,,,,
W271589036300,TESTDOP,"1,00",KAST 30 LADE 2,5/03/2024,,,,
W271589046300,RACCORD DE CONTROLE,"1,00",KAST 30 LADE 2,5/03/2024,,,,
W271589096300,MONTAGE-ELEMENT,"1,00",KOFFER KETTING,14/12/2023,"03, 05",B,271589096300.png,
W272589000700,TEGENHOUDSLEUTEL,"1,00",SGA 22,,,,,
W272589003100,KLEM,"1,00",KAST 40 LADE 1,9/07/2024,,,,
W272589003300,TREKKER,"1,00",KAST 80 LADE 5,13/03/2024,,,,
W272589003302,,"1,00",KAST 80 LADE 5,22/07/2024,,,,
W272589004300,MONTAGEGEREEDSCHAP,"1,00",KAST 100 LADE 3,11/03/2024,,,,
W272589009100,SCHROEFDRAADADAPTER,"1,00",KAST 50 LADE 1,14/12/2023,,,,
W272589013300,TREKKER,"1,00",KAST 100 LADE 3,11/03/2024,,,,
W272589014000,OPDRUKGEREEDSCHAP,"1,00",KAST 100 LADE 3,11/03/2024,,,,
W272589016100,MONTAGEGEREEDSCHAP,"1,00",KAST 100 LADE 3,11/03/2024,,,,
W272589019100,SLUITING,"1,00",KAST 100 LADE 3,11/03/2024,,,,
W272589020700,TEGENHOUDSLEUTEL,"1,00",SGA 22,,,,,
W272589026300,ADAPTERKABEL,"1,00",KAST 110 LADE 2,11/03/2024,,,,
W272589029100,AANSLUITLEIDING,"1,00",KAST 80 LADE 1,11/03/2024,,,,
W272589066300,MONTAGEWERKZEUG E - MASCHINE,"1,00",KAST 30 LADE 6,11/03/2024,,,,
W273589004300,PERSGEREEDSCHAP,"1,00",KAST 50 LADE 2,22/09/2023,,,,
W273589009100,ADAPTER,"1,00",KAST 100 LADE 1,11/03/2024,,,,
W274589006300,ADAPTERKABEL,"1,00",KAST 110 LADE 2,11/03/2024,,,,
W275589002100,TIGE DE MESURE,"1,00",SG 11,,,,,nog zoeke
W276589003900,KETTING PERS,"1,00",KAST 60 SCHAP 3,6/11/2025,05,c,276589003900.png,
W276589006200,AANPASSINGSSTUK,"1,00",KAST 80 LADE 2,11/03/2024,,,,
W276589006300,ADAPTERKABEL,"1,00",KAST 110 LADE 2,11/03/2024,,,,
W276589019100,AANSLUITLEIDING,"1,00",KAST 100 LADE 6,11/03/2024,,,,
W276589029100,SLUITING,"1,00",KAST 30 LADE 1 BAK 9,22/09/2023,,,,GEEN FOTO
W278589000900,BOUGIESLEUTEL,"1,00",SG 31,9/04/2024,,,,OK
W278589003300,TREKKER,"1,00",KAST 50 LADE 2,22/09/2023,,,,
W278589004000,HIJSOOG,"1,00",KAST 80 LADE 1,11/03/2024,,,,
W278589009100,ADAPTER,"1,00",KAST 10 LADE 2 BAK 2,22/09/2023,,,,GEEN FOTO
W278589011500,DREVEL,"1,00",KAST 100 LADE 4,11/03/2024,,,,
W282589001600,TEGENHOUDSLEUTEL,1,KAST 30 LADE 4,14/12/2023,5,B,282589001600.png,
W282589002300,BLOKKEERSTUK,"1,00",KAST 60 SCHAP 1,22/09/2023,5,B,282589002300.png,
W282589003300,,"1,00",KAST 40 LADE 1,14/12/2023,,,,
W282589004000,BLOKKEERSTUK,"1,00",KAST 50 LADE 4,22/09/2023,,,,
W282589004300,MONTAGEGEREEDSCHAP,"1,00",KAST 50 LADE 4,22/09/2023,,,,
W282589014000,BLOKKEERSTUK,"1,00",KAST 20 LADE 1,14/12/2023,,,,
W290589001400,Huls,"1,00",KAST 50 LADE 4,22/09/2023,,,,
W290589001500,DREVEL,"1,00",KAST 90 LADE 3,11/03/2024,,,,
W290589011500,DREVEL,"1,00",KAST 80 LADE 3,11/03/2024,,,,
W290589021500,HULS,"1,00",KAST 20 LADE 2,13/12/2023,,,290589021500.png,
W292589004000,ADAPTER,"1,00",KAST 50 LADE 5,14/12/2023,,,,
W293589002300,eATS gauge,"1,00",BOVEN C34,6/05/2025,,,293589002300.png,
W297589001500,DRIFT,"1,00",BOVEN C42,6/05/2025,,,297589001500.png,
W312589141500,DREVEL,"1,00",KAST 20 LADE 3,27/03/2024,,,,
W314589011500,DREVEL,"1,00",KAST 20 LADE 3,27/03/2024,,,,
W314589030700,KLAUWSLEUTEL,"1,00",KAST 20 LADE 3,27/03/2024,,,,
W318589003500,TREKKER,"1,00",KAST 20 LADE 3,27/03/2024,,,,
W321589006300,DRUKSTUK,"1,00",KAST 30 LADE 1 BAK 9,22/09/2023,,,,GEEN FOTO
W346589016100,HULS,"1,00",KAST 30 LADE 1 BAK 9,22/09/2023,,,,GEEN FOTO
W352589041500,DREVEL,"1,00",KAST 20 LADE 3,27/03/2024,,,,
W385589000700,KLAUWSLEUTEL,"1,00",KAST 80 LADE 3,22/07/2024,,,,
W385589036300,TOLE D''ESSAI,"1,00",KAST 100 LADE 3,11/03/2024,,,,
W385589046300,TOLE D''ESSAI,"1,00",KAST 100 LADE 3,19/07/2024,,,385589046300.png,
W414589003300,POUSSOIR DE LEVE,"1,00",KAST 20 LADE 3,27/03/2024,,,,
W414589004300,OUTIL,"1,00",KAST 20 LADE 2,,,,,
W415589006100,DE- EN MONTAGEGEREED.,"1,00",SGA 54,,,,,
W415589009100,TESTDOP,"1,00",KAST 120 LADE 3 LI,14/12/2023,,,,
W420586000700,TREKKER,"1,00",KAST 30 LADE 3,1/03/2024,,,420586000700.png,
W420586001500,DORN,"1,00",KAST 40 LADE 5,1/03/2024,,,420586001500.png,
W447588003100,OGEN,"1,00",BOVEN C42,6/05/2025,,,447588003100.png,
W447589003300,TREKGEREEDSCHAP,"1,00",KAST 90 LADE 1,11/03/2024,,,,
W447589006200,BORGVOORZIENING,"1,00",SGA 21,,,,,
W447589006300,STEUN,"1,00",KAST 100 LADE 2,11/03/2024,,,,
W447589009800,AFDEKKING,"1,00",KAST 50 LADE 1,14/12/2023,,,,
W447589013100,ADAPTERSET,"1,00",KAST 50 LADE 2,22/09/2023,,,,
W447589016300,CANTILEVER,"1,00",KAST 100 LADE 2,11/03/2024,,,,
W447589041500,DREVEL,"1,00",KAST 80 LADE 3,11/03/2024,,,,
W447589051500,DREVEL,"1,00",KAST 80 LADE 3,11/03/2024,,,,
W449589006300,RELEASE TOOL,"1,00",KAST 30 LADE 4,19/05/2026,,,449589006300.png,
W450589000700,ADAPTERSLEUTEL TANKMODUL,"1,00",KAST 100 LADE 3,11/03/2024,,,450589000700.png,
W450589206300,VASE D EXPANSION RADIATEU,"1,00",SGA 51,,,,,
W451589076300,ADAPTERKABEL,"1,00",KAST 120 LADE 4 LI,14/12/2023,,,,GEEN FOTO
W451589086300,WAARSCHUWINGSPLAATJE,"1,00",F31,,,,451589086300.png,
W452589016300,DE-AUSKLIPSER,"4,00",Carrosserie,,,,452589016300.png,
W452589019924,LINIAAL CILINDERKOP,"1,00",KAST 110 LADE 5,24/02/2026,,,,
W454589000300,DOP RINGSLEUTEL,"1,00",WERKPLAATS,,,,454589000300.png,
W454589003300,TREKKER,"1,00",KAST 20 LADE 2,18/10/2023,,,,
W454589009100,ADAPTER KOELVLOEISTOFRESERVOIR,"1,00",KAST 40 LADE 1,14/11/2024,20,B,454589009100.png,SAMEN MET  W124589242100
W460589000700,KLAUWSLEUTEL,"1,00",SG 34,,,,,
W460589020700,KLAUWSLEUTEL,"1,00",KAST 50 LADE 1,14/12/2023,,,,
W460589021500,DORN,"1,00",KAST 50 LADE 3,22/09/2023,,,,
W460589151500,DREVEL,"1,00",KAST 80 LADE 5,11/03/2024,,,,
W463589016300,ADAPTER,"1,00",KAST 50 LADE 1,14/12/2023,,,,
W463589023100,ADAPTER,"1,00",SGB 61,,,,,
W465588013100,SUPPORT HV,"1,00",BOVEN,23/04/2026,,,,HV accu's
W465589001500,DRIFT,"1,00",KAST  90 LADE 3,13/11/2025,,,465589001500.png,
W465589003100,ADAPTERSET,"1,00",KAST 120 LADE 1,13/11/2025,,,465589003100.png,
W470589010700,KLAUWSLEUTEL,"1,00",KAST 50 LADE 5,22/09/2023,,,,
W470589011600,MONTAGEGEREEDSCHAP,"1,00",KAST 10 LADE 2,,,,470589011600.png,
W470589013700,TANG/CARDANHOES,"1,00",KAST 90 LADE 1,11/03/2024,,,,TANG KLEMMEN STOFHOES
W470589020700,SLEUTEL,"1,00",SGA 54,28/10/2021,,,,
W470589041400,HULS,"1,00",ZOEKEN,22/09/2023,35,B,470589041400.png,LAG NIET WAAR HIJ MOEST LIGGEN KAST 50 LADE 4
W470589061500,DREVEL,"1,00",KAST 50 LADE 5,22/09/2023,,,,
W470589071500,DREVEL,"1,00",KAST 50 LADE 5,22/09/2023,,,,
W470589081500,SET DREVELS,"1,00",KAST 50 LADE 4,22/09/2023,,,,
W470589093300,PERSGEREEDSCHAP,"1,00",BOVEN D24,15/10/2021,,,470589093300.png,
W470589101500,DREVEL,"1,00",KAST 50 LADE 4,22/09/2023,,,,
W470589111500,DREVEL,"1,00",KAST 50 LADE 4,22/09/2023,,,,
W470589121500,SET DREVELS,"1,00",KAST 50 LADE 4,22/09/2023,,,,
W470589141500,DREVEL,"1,00",KAST 100 LADE 3,11/03/2024,,,,
W470589269100,ADAPTER,"1,00",SG 52,,,,,
W601589024000,BLOKKEERSTUK,"2,00",KAST 10 LADE 2 BAK 1,22/09/2023,,,,
W601589034302,,"1,00",KAST 10 LADE 4,5/03/2024,,,,
W601589042100,TRANSMETTEUR,"1,00",SGA 10,,,,,
W601589043300,TREKKER,"1,00",KAST 20 LADE 3,27/03/2024,,,,
W601589052100,,"1,00",KAST 30 LADE 4,14/12/2023,,,,
W602589000700,SLEUTEL,"1,00",KAST 120 LADE 3 LI,14/12/2023,,,,
W602589001000,STEEKSLEUTEL,"1,00",KAST 10 LADE 1,14/12/2023,,,602589001000.png,Samen met W601 589 00 10 00
W602589001500,DREVEL,"1,00",KAST 10 LADE 4,5/03/2024,,,,
W602589002500,ADAPTER,"1,00",KAST 30 LADE 1 BAK 9,22/09/2023,,,,GEEN FOTO
W602589003300,TREKGEREEDSCHAP,"1,00",KAST 30 LADE 2,6/05/2025,,,602589003300.png,01 03
W602589003302,,"1,00",KAST 30 LADE 3,23/07/2024,,,,
W602589004000,BLOKKEERSTUK,"1,00",KAST 30 LADE 5,14/12/2023,,,,
W602589006300,AANSLUITNIPPEL,"1,00",KAST 50 LADE 1,14/12/2023,,,,
W602589009800,KETTING KOFFER,"1,00",KAST 60 SCHAP 4,12/02/2024,,,,NOG NIET VOLLEDIG
W602589023300,,"2,00",KOFFER KETTING,13/12/2023,,,,koffer W 602 589 00 98 00
W602589023300,BASISGEREEDSCHAP,"1,00",KAST 50 LADE 4,22/09/2023,,,,
W602589024000,DISPOSITIF DE F,"1,00",KOFFER KETTING,14/12/2023,,,,
W602589046300,BROCHE FILETEE,"1,00",KAST 50 LADE 1,14/12/2023,,,,
W602589046301,PIECE DE PRESSION,"1,00",KOFFER KETTING,22/07/2024,,,,
W602589076300,,"1,00",KOFFER KETTING,13/12/2023,,,,koffer W 602 589 00 98 00
W602589076301,,"2,00",KOFFER KETTING,13/12/2023,,,,koffer W 602 589 00 98 00
W603589000900,ADAPTERSTUK,"1,00",KAST 30 LADE 3,15/04/2024,,,,GEEN FOTO VAN
W603589002100,TRANSMETTEUR-POINT MORT H,"1,00",SGA 10,,,,,
W603589004000,TEGENHOUDSLEUTEL,"1,00",KAST 120 LADE 2 LI,19/01/2024,,,,
W604589004300,MONTAGEDREVEL,"1,00",KAST 100 LADE 1,11/03/2024,,,,
W604589006300,AANSLUITSTUK,"1,00",KAST 100 LADE 1,11/03/2024,,,,
W604589010900,STEEKSLEUTELDOP,"1,00",KAST 50 LADE 1,14/12/2023,,,,
W604589012100,TRANSMETTEUR,"1,00",KAST 10 LADE 2 BAK 3,22/09/2023,,,604589012100.png,
W605589003300,TREKKER,"1,00",KAST 30 LADE 3,15/04/2024,,,605589003300.png,
W606589000900,STEEKSLEUTELDOP,"1,00",KAST 10 LADE 3 BAK 6,22/09/2023,,,,geen foto
W606589003700,TANG,"1,00",KAST 90 LADE 1,11/03/2024,,,,
W606589006100,MONTAGEGEREEDSCHAP,"1,00",KAST 100 LADE 1,11/03/2024,,,,
W606589010900,CLE A TUBE,"1,00",Atelier,,,,,geen foto van
W607589001500,DREVEL,"1,00",KAST 30 LADE 4,1/10/2024,,,,
W607589003100,AANPASSINGSSTUK,"1,00",KAST 90 LADE 1,11/03/2024,,,,
W607589004300,ADAPTER,"1,00",KAST 10 LADE 1,14/12/2023,,,607589004300.png,In combination with adapter 607 589 03 43 00
W607589006300,ADAPTERKABEL,"1,00",KAST 120 LADE 4 LI,14/12/2023,07,B,607589006300.png,
W607589009100,ADAPTER,"4,00",KAST 100 LADE 2,17/07/2024,,,,
W607589011500,DREVEL,"1,00",KAST 30 LADE 4,1/10/2024,,,607589011500.png,
W607589014000,BLOKKEERSTUK,"1,00",KAST 10 LADE 1,12/07/2024,,,607589014000.png,
W607589014300,Persgereedschap,1,SGA 45,,,,,
W607589016300,ADAPTERKABEL,"1,00",KAST 110 LADE 2,11/03/2024,,,,
W607589019100,ADAPTER,"1,00",KAST 40 LADE 1,9/07/2024,,,,
W607589024300,TREKKER,1,KAST 20 LADE 2,13/12/2023,,B,607589024300.png,
W607589026300,ADAPTERKABEL,"1,00",KAST 110 LADE 2,11/03/2024,,,,
W607589029100,ADAPTER,"1,00",KAST 100 LADE 6,11/03/2024,,,,
W607589034300,PERSGEREEDSCHAP,"1,00",KAST 10 LADE 1,14/12/2023,,,607589034300.png,In combination with adapter 607 589 00 43 00
W607589036300,ADAPTERKABEL,"1,00",KAST 110 LADE 2,11/03/2024,,,,
W607589039100,AANSLUITADAPTER,"1,00",KAST 30 LADE 6,11/03/2024,,,,
W607589044300,Persgereedschap,"1,00",KAST 90 LADE 3,23/07/2024,,,,
W607589046300,ADAPTERKABEL,"1,00",KAST 110 LADE 2,11/03/2024,,,,
W607589049100,ADAPTER,"1,00",KAST 100 LADE 6,11/03/2024,,,,
W607589056300,Dorn,"1,00",KAST 80 LADE 3,22/07/2024,,,,
W608589001500,DREVEL,"1,00",ZOEKEN,,,,,
W608589006100,HIJSOOG,"2,00",KAST 50 LADE 4,3/03/2026,,,,
W608589006300,ADAPTERKABEL,"1,00",KAST 120 LADE 4 RE,14/12/2023,,,,
W608589009100,ADAPTERSET,"1,00",KAST 80 LADE 3,11/03/2024,,,,
W608589014000,BLOKKEERSTUK,"1,00",KAST 80 LADE 3,11/03/2024,,,,
W608589024000,TEGENHOUDSLEUTEL,"1,00",KAST 90 LADE 3,11/03/2024,,,,
W611589000300,STEEKSLEUTEL,"1,00",KAST 30 LADE 1 BAK 9,22/09/2023,,,,GEEN FOTO
W611589000900,STEEKSLEUTEL,"1,00",KAST 30 LADE 1 BAK 9,22/09/2023,"07, 15, 18",B,611589000900.png,
W611589001400,PERSGEREEDSCHAP,"1,00",KAST 100 LADE 1,11/03/2024,,,,
W611589002100,TESTAPPARAAT,"1,00",KAST 30 LADE 6,26/01/2024,,,,
W611589003300,DEMONTAGEKLAUW,"1,00",KAST 40 LADE 6,9/04/2024,,,,
W611589003700,TANG,"1,00",SG 31,9/04/2024,,,,OK
W611589004000,TEGENHOUDSLEUTEL,"2,00",KAST 120 LADE 3 LI,14/12/2023,,,,OP 14/12/2023 MAAR 1
W611589006300,AANSLUITSTUK,"1,00",KAST 30 LADE 1 BAK 10,22/09/2023,,,,GEEN FOTO VAN
W611589006800,BORSTEL VERSTUIVERS,"1,00",KAST 60 SCHAP 2,9/04/2024,,,611589006800.png,
W611589009000,CONDUITE,"1,00",Boven A62,,07,B,611589009000.png,
W611589009900,GLOEIBOUGIE HERSTELSET,"1,00",KAST 60 SCHAP 3,22/09/2023,,,,
W611589011400,MONTAGEHULS,"1,00",KAST 20 LADE 3,27/03/2024,,,,
W611589012100,WERKTUIG,"1,00",SGA 23,,,,,
W611589013300,DEMONTAGEKLAUW,"2,00",KAST 40 LADE 6,9/04/2024,,,,
W611589014000,BORGVOORZIENING,"1,00",KAST 10 LADE 2 BAK 3,22/09/2023,,,,GEEN FOTO
W611589016300,AANSLUITSTUK,"1,00",KAST 100 LADE 2,19/07/2024,,,,
W611589019900,KIT DE REPARATION M10,"1,00",SGB 13,,,,,
W611589022100,LEKKAGETESTER,"1,00",KAST 60 SCHAP 1,2/04/2026,,,,
W611589026300,TUSSENSTUK,"1,00",KAST 10 LADE 4,5/03/2024,,,,
W611589036300,CABLE D ADAPTAT,"1,00",KAST 110 LADE 2,11/03/2024,,,,
W611589042100,TESTEZ LOUTIL,"1,00",SGA 23,,,,,
W611589046300,AANSLUITSTUK,"2,00",KAST 100 LADE 2,19/07/2024,,,,
W611589052100,DRV-MODULE,"1,00",SGA 24,,,,,
W611589056300,SUPPORT,"1,00",KAST 80 LADE 1,11/03/2024,,,,
W611589076300,ADAPTERKABEL,"1,00",SGA 24,,,,,
W613589003300,TREKKER,"1,00",KAST 20 LADE 3,5/03/2024,,,,
W617589082100,TRANSMETTEUR DE POSITION,"1,00",SGA 10,,,,,
W617589092100,ADAPTATEUR,"1,00",SGA 20,,,,,
W6236031101,KOMPRESSIETESTER,"1,00",KAST 60 SCHAP 3,22/09/2023,,,,
W626589001500,DREVEL,"1,00",KAST 100 LADE 3,11/03/2024,,,,
W626589004000,TEGENHOUDSLEUTEL,"1,00",KAST 50 LADE 3,22/09/2023,,,,
W626589006100,STEUNEN,"2,00",SGA 11,,,,,
W626589014000,BLOKKEERSTUK,"1,00",KAST 10 LADE 1,14/12/2023,,,626589014000.png,
W626589019100,INSCHROEFSTUK,"1,00",KAST 80 LADE 3,22/07/2024,,,,
W626589024000,TEGENHOUDSLEUTEL,"1,00",SGA 22,,,,,
W626589034000,BLOKKEERSTUK,"1,00",KAST 100 LADE 5,11/03/2024,,,,
W626589044000,AFSTELGEREEDSCHAP,"1,00",KAST 100 LADE 5,11/03/2024,,,,
W6268589006100,STREBEN,"1,00",F24,,,,626589006100.png,
W628589024000,COUNTERHOLDER,"1,00",KAST 30 LADE 3,11/03/2024,,,628589024000.png,
W628589036300,TESTDOP,"1,00",KAST 20 LADE 3,27/03/2024,,,,
W629589026300,DISPOSITIF TOURNAT DU MOT,"1,00",KAST 100 LADE 5,11/03/2024,,,,
W638589001500,DREVEL,"1,00",KAST 30 LADE 2,5/03/2024,,,,
W638589013300,TREKKER,"1,00",KAST 10 LADE 4,5/03/2024,,,,
W638589014300,MONTAGE-INRICHTING,"1,00",KAST 30 LADE 2,5/03/2024,,,,
W638589023300,TREKKER,"1,00",KAST 30 LADE 4,14/12/2023,,,,
W638589031500,DREVEL,"1,00",KAST 30 LADE 4,14/12/2023,,,,
W638589033300,TREKKER,"1,00",KAST 10 LADE 4,5/03/2024,,,,
W638589073300,TREKKER- EN PERSGER.,"1,00",KAST 90 LADE 3,11/03/2024,,,,CONTROLEREN
W639589000700,ADAPTERSLEUTEL,"1,00",KAST 100 LADE 3,19/07/2024,,,,
W639589000900,STEEKSLEUTEL,"2,00",KAST 100 LADE 5,11/03/2024,,,,
W639589004000,BLOKKEERSTUK,"1,00",KAST 30 LADE 5,14/12/2023,,,,
W639589006100,MOTORHEFINRICHTING,"1,00",SGB,,,,,
W639589006200,BORGVOORZIENING,"1,00",SGA 11,,,,,
W639589006300,SPANPLATEN,"1,00",SGA 13,,,,,
W639589009100,TESTDOP,"2,00",KAST 40 LADE 4,14/12/2023,,,,
W639589010700,KLAUWSLEUTEL,"1,00",KAST 40 LADE 1,14/11/2023,,,,
W639589019100,TESTDOP,"1,00",KAST 120 LADE 3 LI,14/12/2023,,,,geen foto van
W639589020900,STEEKSLEUTELDOP,"1,00",KAST 50 LADE 1,14/12/2023,,,,
W639589026300,DISPOSITIF,"1,00",SG 33,,,,,
W639589036300,DISPOSITIF D''ARRET,"1,00",KAST 50 LADE 1,14/12/2023,,,,
W639589056300,RACCORD DOUBLE,"1,00",ZOEKEN,,,,,
W639589076300,DISPOSITIF TOURNAT,"1,00",KAST 100 LADE 4,11/03/2024,,,,
W639589096200,,"1,00",KAST 90 LADE 3,23/07/2024,,,,
W639589116300,ADAPTERKABEL,"1,00",KAST 120 LADE 1,3/03/2026,,,,ACHTERSTE BAK SCHAP 2
W640589003300,DEMONTAGEKLAUW,"1,00",KAST 100 LADE 4,19/07/2024,,,640589003300.png,
W640589004000,TEGENHOUDSLEUTEL,"1,00",KAST 100 LADE 3,11/03/2024,,,,
W640589006300,PIECE VISSEE,"1,00",KAST 10 LADE 2 BAK 2,22/09/2023,,,640589006300.png,In combination with compression pressure recorders 001 589 76 21 00 and 001 589 78 21 00 or pressure loss tester 450 589 17 21 00.
W640589009100,ADAPTER,"1,00",KAST 50 LADE 1,14/12/2023,,,,
W640589013300,,"1,00",KAST 80 LADE 3,22/07/2024,,,,
W642589000900,STEEKSLEUTELDOP,"1,00",SG 31,9/04/2024,,,,OK
W642589001400,CENTREERHULS,"1,00",KAST 80 LADE 5,13/03/2024,,,,
W642589002100,AANPASSINGSSTUK,"1,00",KAST 100 LADE 5,11/03/2024,,,,
W642589003100,OUTIL DE MONTAGE DE CHAIN,"1,00",KAST 50 LADE 2,22/09/2023,,,,
W642589003300,KLINKGEREEDSCHAP,"1,00",KOFFER KETTING,23/07/2024,,,,
W642589003300,,"1,00",KOFFER KETTING,13/12/2023,,,,koffer W 602 589 00 98 00
W6425890038,,"1,00",KAST 20 LADE 3,27/03/2024,,,,CONTROLEREN XENTRY
W642589004000,TEGENHOUDSLEUTEL,"1,00",KAST 100 LADE 3,11/03/2024,,,,
W642589006100,AANPASSINGSSTUK,"1,00",SGA 23,,,,,
W642589006300,INSCHROEFSTUK,"1,00",KAST 100 LADE 2,11/03/2024,,,,
W642589009100,TESTDOP,"1,00",KAST 20 LADE 3,27/03/2024,,,,
W642589013300,SCHROEFDRAADADAPTER,"1,00",KAST 50 LADE 1,14/12/2023,,,,
W642589014000,AANDRUKKER,"1,00",KAST 100 LADE 1,11/03/2024,,,,
W642589016300,MONTAGEGEREEDSCHAP,"1,00",KAST 80 LADE 5,13/03/2024,,,,
W642589019100,ADAPTER,"1,00",KAST 50 LADE 4,22/09/2023,,,,
W642589026301,INSCHROEFSTUK,"2,00",KAST 100 LADE 2,19/07/2024,,,,
W642589026302,INSCHROEFSTUK,"2,00",KAST 100 LADE 2,19/07/2024,,,,
W642589026308,ADAPTER,"1,00",ZOEKEN,11/03/2024,,,642589026308.png,
W642589026309,ADAPTER,"1,00",ZOEKEN,11/03/2024,,,,
W642589026309,INSCHROEFSTUK,"2,00",KAST 100 LADE 2,22/09/2023,01,B,642589026300.png,
W642589036300,MEETKETTINGSPANNER,"1,00",KAST 50 LADE 5,22/09/2023,,,,
W642589044000,AANDRUKKER,"1,00",KAST 50 LADE 3,22/09/2023,,,,
W642589056300,MONTAGE-INZETSTUKKEN,"1,00",KAST 50 LADE 1,14/12/2023,,,,
W646589006300,ADAPTERKABEL,"1,00",KAST 110 LADE 2,11/03/2024,,,,
W646589009100,ADAPTERSET,"2,00",KAST 100 LADE 3,11/03/2024,,,,
W646589016300,ADAPTERKABEL,"1,00",KAST 110 LADE 2,11/03/2024,,,,
W646589022100,TESTADAPTER,"1,00",KAST 90 LADE 4,28/05/2024,,,,
W646589026300,ADAPTERKABEL,"1,00",KAST 110 LADE 2,11/03/2024,,,,
W646589036300,ADAPTERKABEL,"1,00",KAST 110 LADE 2,11/03/2024,,,,
W646589046300,ADAPTERSET,"1,00",KAST 110 LADE 2,11/03/2024,,,,
W648589006300,CALE,"1,00",KAST 50 LADE 2,22/09/2023,,,,
W651589000700,AANSLUITADAPTER,"1,00",KAST 30 LADE 1 BAK 10,22/09/2023,,,,
W651589000900,STEEKSLEUTELDOP,"1,00",KAST 40 LADE 1,19/07/2024,,,,
W651589003300,DEMONTAGEKLAUW,"1,00",KAST 50 LADE 2,22/09/2023,,,,
W651589004000,TEGENHOUDSLEUTEL,"1,00",KAST 30 LADE 3,1/03/2024,,,,
W651589006100,PERSGEREEDSCHAP,"1,00",KAST 80 LADE 5,11/03/2024,,,,
W651589006300,ADAPTERKABEL,"1,00",KAST 110 LADE 2,11/03/2024,,,,
W651589009100,ADAPTERSET,"1,00",KAST 100 LADE 3,11/03/2024,,,651589009100.png,
W651589014000,AANDRUKKER,"1,00",KAST 50 LADE 2,22/09/2023,,,,
W651589016100,PERSGEREEDSCHAP,"1,00",KAST 80 LADE 2,13/03/2024,,,,
W651589016300,ADAPTERKABEL,"2,00",KAST 110 LADE 2,13/09/2024,,,,
W651589016300,TUSSENSTEKKER,"1,00",KAST 110 LADE 2,9/07/2024,,,,
W651589019100,ADAPTER,"1,00",KAST 30 LADE 6,11/03/2024,,,,
W651589024000,BLOKKEERSTUK,"1,00",KAST 100 LADE 5,11/03/2024,,,,
W651589026300,MONTAGEGEREEDSCHAP,"1,00",KAST 50 LADE 5,22/09/2023,,,,
W651589029100,ADAPTER,"1,00",KAST 40 LADE 6,,,,,
W651589034000,,"1,00",KAST 30 LADE 5,14/12/2023,,,,
W651589044000,TEGENHOUDSLEUTEL,"1,00",KAST 100 LADE 3,11/03/2024,,,,
W651589046300,MONTAGE-INZETSTUKKEN,"1,00",KAST 50 LADE 1,14/12/2023,,,,
W651589050402,,"1,00",KAST 120 LADE 2 LI,19/01/2024,,,,
W651589054000,TEGENHOUDSLEUTEL,"1,00",KAST 120 LADE 2 LI,3/03/2026,,,,
W651589056300,MONTAGEGEREEDSCHAP,"1,00",KAST 100 LADE 5,11/03/2024,,,,
W651589064000,TEGENHOUDSLEUTEL,"2,00",KAST 120 LADE 2 LI,3/03/2026,,,651589064000.png,
W651589066300,MONTAGEGEREEDSCHAP,"2,00",KAST 80 LADE 2,13/03/2024,,,,
W651589074000,TEGENHOUDSLEUTEL,"1,00",KAST 30 LADE 3,24/04/2026,,,,
W651589080401,TEGENHOUDSLEUTEL KRUKAS,"1,00",KAST 120 LADE 2 LI,24/04/2026,,,,
W651589084002,TEGENHOUDSLEUTEL,"1,00",KAST 120 LADE 2 LI,3/03/2026,,,651589084000.png,
W651589096300,KETTINGREK METER,"1,00",KAST 40 LADE 4,9/07/2024,,,,
W651589104000,TEGENHOUDSLEUTEL,"1,00",KAST 120 LADE 2 LI,19/01/2024,,,651589104000.png,
W651589116300,MEETKETTINGSPANNER,"1,00",ZOEKEN,11/03/2024,,,651589116300.png,CONTROLEREN w651589016300 controleren
W651589136300,MONTAGEGEREEDSCHAP,"1,00",SGA 55,,,,,
W651589146300,BESCHERMINGSRING,"1,00",ZOEKEN,,,,,
W654589000900,STEEKSLEUTEL,"1,00",KAST 90 LADE 1,11/03/2024,,,654589000900.png,
W654589001400,HULS,"1,00",KAST 20 LADE 2,13/12/2023,,,654589001400.png,
W654589002100,AFSTELGEREEDSCHAP,"1,00",KAST 50 LADE 4,22/09/2023,,,654589002100.png,
w654589003100,Assembly plate,"1,00",KAST 60 SCHAP 3,22/09/2023,,,654589003100.png,
W654589004000,TEGENHOUDSLEUTEL,"1,00",KAST 30 LADE 5,14/12/2023,,,654589004000.png,
W654589004001,,,KAST 30 LADE 6,14/12/2023,,,,
W654589004002,,"1,00",KAST 30 LADE 6,14/12/2023,,,,
W654589004300,Insertion device,"1,00",KAST 50 LADE 3,22/09/2023,,,654589004300.png,
W654589006100,Removal and installation tool,"1,00",KAST 50 LADE 4,22/09/2023,,,654589006100.png,W654589026100
W654589009100,ADAPTER,2,KAST 100 LADE 1,11/03/2024,18,B,654589009100.png,
W654589012100,AFSTELGEREEDSCHAP,"1,00",KAST 50 LADE 3,22/09/2023,,,,
W654589014000,TEGENHOUDER,"1,00",KAST 20 LADE 3,13/12/2023,,,,
w654589014001,Hold-down tool,"1,00",SG 31,,"03, 05",C,654589014000.png,ZOEKEN
w654589014002,Hold-down tool,1,KAST 20 LADE 1,14/12/2023,"03, 05",C,654589014000.png,
W654589014300,PERSGEREEDSCHAP,"1,00",KAST 90 LADE 1,23/07/2024,,,,
W654589020900,,"1,00",KAST 40 LADE 1,14/12/2023,,,,
W654589026100,UIT EN INBOUW WERKTUIG,"1,00",KAST 50 LADE 3,4/04/2025,,,654589026100.png,
W654589026300,TEMPLATES,"1,00",KAST 120 LADE 4 RE,2/04/2026,,,,
W654589026300,Adapter cable,"1,00",KAST 120 LADE 4 RE,14/12/2023,07,,654589026300.png,
W654589026302,ADAPTERKABEL,"1,00",KAST 120 LADE 4 LI,14/12/2023,,,,
W654589032100,CONTROLEWERKTUIG,"1,00",KAST 20 LADE 2,17/11/2023,,,,
W654589036300,KABEL BUSSENKAST SCR 654,"1,00",KAST 90 LADE 4,20/09/2024,,,654589036300.png,
W654589036300,ADAPTERKABEL,"1,00",SGB 64,,,,,
W654589044000,,"1,00",KAST 30 LADE 6,,,,,
W667589036300,TREKKER,"1,00",KAST 10 LADE 4,5/03/2024,,,,
W668589003400,SPANKLAUW,"1,00",KAST 10 LADE 2 BAK 3,22/09/2023,,,,GEEN FOTO
W668589006300,ADAPTER,"1,00",SGA 25,,,,,
W668589006800,CILINDERBORSTEL,"1,00",KAST 60 SCHAP 2,12/04/2024,,,668589006800.png,
W668589013400,SCHROEFDRAADADAPTER,"1,00",KAST 50 LADE 1,14/12/2023,,,,
W699589000500,HAAKSLEUTEL,"1,00",KAST 50 LADE 3,22/09/2023,,,,
W699589001500,DREVEL,"1,00",KAST 40 LADE 1,22/07/2024,,,,
W699589034000,BLOKKEERSTUK,"1,00",KAST 40 LADE 1,22/07/2024,,,,
W700589009000,ADAPTER,"1,00",KAST 40 LADE 1,31/10/2024,,,700589009000.png,SLS
W700589011500,Drift,"1,00",KAST 40 LADE 2,30/03/2025,,,700589011500.png,Liggen in 2 bakjes
W700589019000,Adapter,"2,00",KAST 50 LADE 1,14/12/2023,,,,
W700589019000,ADAPTER,"1,00",Atelier,,,,700589019000.png,
W700589081500,DREVEL,"1,00",KAST 50 LADE 1,14/12/2023,,,,
W700589091500,DREVEL,"1,00",KAST 50 LADE 2,22/09/2023,,,,
W700589111500,DREVEL,"1,00",KAST 50 LADE 3,22/09/2023,,,,
W700589131500,DREVEL,"1,00",KAST 50 LADE 4,22/09/2023,,,,
W700589141500,DREVEL,"1,00",KAST 50 LADE 4,22/09/2023,,,,
W700589151500,DREVEL,"1,00",KAST 50 LADE 4,22/09/2023,,,,
W700589161500,DREVEL,"1,00",KAST 100 LADE 3,11/03/2024,,,,
W700589171500,DREVEL,"1,00",KAST 50 LADE 3,22/09/2023,,,,
W700589181500,DREVEL,"1,00",KAST 20 LADE 2,13/12/2023,,,,
W711589005900,HEFINRICHTING,"1,00",KAST 50 LADE 5,22/09/2023,,,,
W711589011500,DORN,"1,00",KAST 40 LADE 5,29/02/2024,,,,
W711589013100,SPANINRICHTING,"0,00",ZOEKEN,11/03/2024,,,,
W711589131500,DREVEL,"1,00",KAST 10 LADE 4,5/03/2024,,,,
W711589141500,DREVEL,"1,00",KAST 40 LADE 2,14/12/2023,,,,
W711589191500,DREVEL,"1,00",KAST 80 LADE 1,11/03/2024,,,,
W711589201500,SET DREVELS,"1,00",KAST 50 LADE 4,22/09/2023,,,,
W715589176300,ADAPTER,"2,00",KAST 100 LADE 3,11/03/2024,,,,
W715589221500,MANDERIN,"1,00",KAST 100 LADE 6,25/04/2025,,,715589221500.png,HV ACCU
W716589000900,SLEUTEL,"1,00",KAST 40 LADE 1,19/07/2024,,,,
W716589003100,MONTAGEPLAAT,"1,00",KAST 100 LADE 1,11/03/2024,,,,
W716589004300,PERSGEREEDSCHAP,"1,00",KAST 50 LADE 5,22/09/2023,,,,
W716589031500,DREVEL,"1,00",KAST 40 LADE 3,14/12/2023,,,,
W716589063300,TREKKER,"1,00",KAST 30 LADE 1 BAK 10,22/09/2023,,,,
W716589091500,DREVEL,"1,00",KAST 90 LADE 3,11/03/2024,,,,
W716589111500,DREVEL,"1,00",KAST 100 LADE 7,22/07/2024,,,716589111500.png,
W722589002100,OLIEPEILSTOK,"1,00",KAST 120 LADE 2 LI,8/04/2024,,,,
W722589030900,MONTAGEGEREEDSCHAP,"1,00",KAST 30 LADE 2 BAK 11,22/09/2023,,,722589030900.png,
W722589031500,DREVEL,"1,00",SG 31,9/04/2024,,,722589031500.png,OK
W722589091500,DREVEL,"1,00",KAST 10 LADE 4,5/03/2024,,,,
W722589161500,DREVEL,"1,00",KAST 50 LADE 3,22/09/2023,,,,
W724588001500,DORN,"1,00",KAST 40 LADE 6,2/03/2026,,,,
W724589002100,ADAPTER,"1,00",KAST 50 LADE 5,22/09/2023,,,,
W724589010900,STEEKSLEUTEL,"2,00",SG 23,9/04/2024,,,724589010900.png,OK
W724589020900,STEEKSLEUTEL,"1,00",SG 23,9/04/2023,,,724589020900.png,OK
W724589030900,OLIEVUL ADAPTER 724.3,"1,00",SG23,2/03/2026,,,,
W724589051500,,"1,00",KAST 20 LADE 2,13/12/2023,,,,
W724589051500,DREVEL,"1,00",ZOEKEN,,,,,
W725589000900,STEEKSLEUTEL,"1,00",SG 23,9/04/2024,,,725589000900 (1).png,OK
W725589009000,ADAPTER,"3,00",SG 23,9/04/2024,,,725589000900.png,OK
W725589021500,DREVEL,"1,00",KAST 100 LADE 1,11/03/2024,,,,
W725589029000,MONTAGEGEREEDSCHAP,"1,00",SG 23,9/04/2024,,,725589029000.png,OK
W725589029001,Assembly tool,"1,00",SG 23,9/04/2024,,,725589029000.png,OK
W725589029002,Assembly tool,"1,00",SG 23,9/04/2024,,,725589029000.png,OK
W725589031500,DREVEL,"1,00",KAST 80 LADE 5,13/03/2024,,,,
W725589039000,ADAPTER,"1,00",SG 23,9/04/2024,,,725589039000.png,OK
W725589041500,DREVEL,"1,00",KAST 100 LADE 1,11/03/2024,,,725589041500.png,
W725589051500,DREVEL,"1,00",KAST 80 LADE 5,13/03/2024,,,,
W730589000700,KLAUWSLEUTEL,"1,00",KAST 10 LADE 4,5/03/2024,,,,
W730589004300,DISPOSITIF,"1,00",KAST 10 LADE 4,22/07/2024,,,,
W730589011500,DREVEL,"1,00",KAST 10 LADE 4,5/03/2024,,,,
W730589014300,PERSGEREEDSCHAP,"1,00",KAST 20 LADE 3,5/03/2024,,,,
W730589023300,TREKKER,"1,00",KAST 10 LADE 4,5/03/2024,,,,
W730589024300,DREVEL,"1,00",KAST 20 LADE 3,5/03/2024,,,,
W730589024301,,"1,00",KAST 40 LADE 1,14/12/2023,,,,
W730589051500,DREVEL,"1,00",KAST 10 LADE 4,5/03/2024,,,,
W730589061500,DREVEL,"1,00",KAST 10 LADE 4,5/03/2024,,,,
W741589021500,DREVEL,"1,00",KAST 10 LADE 4,5/03/2024,,,,
W741589031500,DREVEL,"1,00",KAST 80 LADE 5,11/03/2024,,,,
W741589061500,DREVEL,"1,00",KAST 80 LADE 5,22/07/2024,,,,
W742589010700,KLAUWSLEUTEL,"1,00",KAST 10 LADE 4,5/03/2024,,,,
W742589011500,MONTAGEHULS,"1,00",KAST 10 LADE 4,5/03/2024,,,,
W742589016300,CLE,"1,00",KAST 10 LADE 3 BAK 8,22/09/2023,,,,geen foto
W744589001500,DREVEL,"1,00",SGA 22,,,,,
W763589000100,STEEKSLEUTEL,"2,00",KAST 30 LADE 4,19/07/2024,,,,
W780589011500,PERSGEREEDSCHAP,"1,00",KAST 30 LADE 4,19/05/2026,,,780589011500 (1).png,
W901589026300,BLOKKEERINSTALLATIE,"1,00",KAST 30 LADE 1 BAK 9,22/09/2023,03,B,901589026300.png,
W901589066300,MONTAGEGEREEDSCHAP,"1,00",KAST 20 LADE 3,5/03/2024,,,,
W903589016300,ONTGRENDELINGSGEREEDSCHAP,"1,00",KAST 50 LADE 1,14/12/2023,,,,FOTO BEKIJKEN
W904589006300,AXE FILETE,"1,00",KAST 30 LADE 1 BAK 9,22/09/2023,,,,GEEN FOTO
W904589011000,STEEKSLEUTELDOP,"1,00",KAST 50 LADE 1,14/12/2023,,,,
W904589012100,AANSLUITSTUK,"1,00",KAST 100 LADE 4,11/03/2024,,,,
W904589021500,STEMPEL,"2,00",KAST 10 LADE 4,5/03/2024,,,,
W904589031400,HULS,"1,00",KAST 100 LADE 4,11/03/2024,,,,
W904589041500,Assembly tool,"1,00",KAST 20 LADE 3,27/03/2024,,,904589041500.png,CONTROLEREN
W904589046300,RONDTORNAPPARAAT,"1,00",KAST 100 LADE 5,19/07/2024,,,,
W905589001500,DREVEL,"1,00",KAST 10 LADE 4,5/03/2024,,,,
W905589021500,DREVEL,"1,00",KAST 10 LADE 4,5/03/2024,,,,
W906589000300,RINGSLEUTEL,"1,00",WERKPLAATS,,,,,GEEN FOTO
W906589000700,KLAUWSLEUTEL,"1,00",KAST 80 LADE 2,22/07/2024,,,,
W906589001400,HULS,"1,00",KAST 80 LADE 1,11/03/2024,,,,
W906589004000,TEGENHOUDSLEUTEL,"1,00",KAST 120 LADE 2 LI,19/01/2024,,,906589004000.png,
W906589016100,BEVESTIGINGSPLAAT,"1,00",SGA 23,,,,,
W906589016200,BEVESTIGINGSPLAAT,"1,00",SGA 11,,,,,
W906589036100,STEUN,"1,00",KAST 100 LADE 4,11/03/2024,,,,
W906589036200,CAMBIO,"1,00",SGB,,,,,
W906589046300,MONTAGEGEREEDSCHAP,"1,00",KAST 100 LADE 4,11/03/2024,,,,
W906589056200,BEVESTIGINGSPLAAT,"1,00",SGA 21,,,,,
W906589056300,RESOLVEZ L OUTIL,"2,00",KAST 100 LADE 4,11/03/2024,,,,CONTROLEREN HOEVEELHEID
W906589086300,AFVOERPLAAT,"1,00",KAST 90 LADE 1,23/07/2024,,,,KOPPELOMVORMER OLIE
W907589000900,STEEKSLEUTEL,"1,00",KAST 50 LADE 2,22/09/2023,,,,
W907589022300,AFSTELGEREEDSCHAP LUCHTVERING,"1,00",KAST 90 LADE 4,24/02/2026,,,,
W907589031500,DORN,"1,00",KAST 40 LADE 5,1/03/2024,,,907589031500.png,SET VAN W907589031501 EN W907589031502
W907589031501,DORN,"1,00",KAST 40 LADE 5,1/03/2024,,,907589031500.png,SET VAN W907589031501 EN W907589031502
W907589031502,DORN,"1,00",KAST 40 LADE 5,1/03/2024,,,907589031500.png,SET VAN W907589031501 EN W907589031502
W780589009800,ADAPTER,"1,00",KAST 30 LADE 6,6/01/2026,,,,
W780589004000,SUPPORT,"1,00",KAST 30 LADE 5,7/06/2026,,,,
W449589003300,DEMONTAGETOOL,"1,0",KAST 20 LADE 2,7/06/2026,,,,
W780589021500,DORN,"1,0",KAST 30 LADE 3,7/06/2026,,,,
W453589006303,SPANPLATEN,"1,0",BOVEN A14,7/06/2026,,,,
W177589016100,MONTAGEBEUGEL TURBO,"1,0",KAST 30 LADE 4,9/07/2026,,,,
W177588004000,TEGENHOUDER,"1,0",KAST 90 LADE 4,9/07/2026,,,,
W449588002500,STOPPEN,"1,0",KAST 110 LADE 6,9/07/2026,,,,
W000589239900,DIAGNOSE STEKKER HV ACCU,1,KAST 60 SCHAP 4,22-09-2026 18:57,,,,DIAGNOSE STEKKER HV ACCU
W590589004300,EXTRACTOR STEEKAS,1,KAST 120 LADE 2 RE,24-09-2026 14:33,,,,
W203589023100,KRIKSTEUN ADAPTER,"1,00",KAST 120 LADE 2 RE,24-09-2026 14:34,nan,nan,17902604383013177100072946472152.jpg,nan
