Tijdstip,Actie,Artikel,Omschrijving,Details
22-09-2026 18:47,Toegevoegd,"test&é""","""""""""",
22-09-2026 18:57,Toegevoegd,W000589239900,DIAGNOSE STEKKER HV ACCU,
22-09-2026 18:59,Gewijzigd,W222589046300,ADAPTERKABEL HV ACCU,
22-09-2026 19:13,Toegevoegd,W590589004300,EXTRACTOR STEEKAS,
22-09-2026 19:19,Verwijderd,"test&é""","""""""""",
22-09-2026 19:37,Gewijzigd,W590589004300,EXTRACTOR STEEKAS,
22-09-2026 19:48,Gewijzigd,W590589004300,EXTRACTOR STEEKAS,Geen velden gewijzigd
24-09-2026 14:22,Gewijzigd,W590589004300,EXTRACTOR STEEKAS,Bijlage: '17901062089885878948369239567446.jpg' ➡️ ''
24-09-2026 14:26,Toegevoegd,W203589023100,KRIKSTEUN ADAPTER,"Toegevoegd: KRIKSTEUN ADAPTER (Ligging: KAST 80 LADE 3, Stock: 1,00, Groep: , Set: )"
24-09-2026 14:34,Gewijzigd,W203589023100,KRIKSTEUN ADAPTER,Ligging: 'KAST 80 LADE 3' ➡️ 'KAST 80 LADE 2' | Bijlage: 'nan' ➡️ '17902604383013177100072946472152.jpg'
25-09-2026 14:46,Gewijzigd,W590589004300,EXTRACTOR STEEKAS,Geen wijzigingen
28-09-2026 13:41,Toegevoegd,W256589019100,ADAPTER LEKTEST,Toegevoegd: ADAPTER LEKTEST (Ligging: KAST 100 LADE 2)
28-09-2026 13:41,Toegevoegd,W256589019100,ADAPTER LEKTEST,Toegevoegd: ADAPTER LEKTEST (Ligging: KAST 100 LADE 2)
28-09-2026 13:42,Toegevoegd,W256589019100,ADAPTER LEKTEST,Toegevoegd: ADAPTER LEKTEST (Ligging: KAST 100 LADE 2)
29-09-2026 11:18,Gewijzigd,W654589004002,Counterholder,Omschrijving: 'nan' ➡️ 'Counterholder' | Bijlage: 'nan' ➡️ 'art_W654589004002.jpg'
01-10-2026 12:10,Gewijzigd,W463589023100,ADAPTER,"Ligging: 'SGB 61' ➡️ 'KAST 70 SCHAP 2' | Opmerkingen: 'nan' ➡️ 'Voor de G-klasse op de 2palen brug te zetten 

Kast 70 schap 4 '"
04-10-2026 17:59,Gewijzigd,W463589023100,ADAPTER,Geen wijzigingen
04-10-2026 18:00,Gewijzigd,W463589023100,ADAPTER,Ligging: 'KAST 70 SCHAP 2' ➡️ 'Kast 70 schap 4'
04-10-2026 18:00,Gewijzigd,W463589023100,ADAPTER,Ligging: 'KAST 70 SCHAP 2' ➡️ 'Kast 70 schap 4'
04-10-2026 18:01,Gewijzigd,W463589023100,ADAPTER,Ligging: 'KAST 70 SCHAP 2' ➡️ 'KAST 70 SCHAP 4'
05-10-2026 11:15,Toegevoegd,W654589054000,Tegenhoudsleutel,Toegevoegd: Tegenhoudsleutel (Ligging: Atelier)
05-10-2026 11:16,Gewijzigd,W654589004000,TEGENHOUDSLEUTEL,Opmerkingen: 'nan' ➡️ 'veranderd naar W654589054000'
05-10-2026 11:16,Gewijzigd,W654589004000,TEGENHOUDSLEUTEL,Opmerkingen: 'nan' ➡️ 'veranderd naar W654589054000'
07-10-2026 08:57,Verwijderd,W642589026309,ADAPTER,Item gewist
09-10-2026 14:33,Toegevoegd,W206589006300,Hebel,Toegevoegd: Hebel (Ligging: KAST 90 LADE 1)
09-10-2026 14:34,Toegevoegd,W206589006300,RELEASE TOOL,Toegevoegd: RELEASE TOOL (Ligging: KAST 90 LADE 1)
